indicator,CVE_AGEB,density,area_km2,population,businesses,accidents
densidad_pob_km2,701A,18064.496680497192,0.1178001268254228,2128.0,36.0,2.0
densidad_pob_km2,4142,16841.71716854843,0.0955365764605508,1609.0,59.0,0.0
densidad_pob_km2,4157,16617.21087965109,0.0914112489154313,1519.0,64.0,2.0
densidad_pob_km2,2907,15617.479945538866,0.3319357551972275,5184.0,119.0,1.0
densidad_pob_km2,4301,14136.984851271469,0.0321850808207577,455.0,8.0,0.0
densidad_establecimientos_km2,0510,5244.479563390985,0.5590640528884475,211.0,2932.0,11.0
densidad_establecimientos_km2,0506,1549.773826639838,0.6039590964246702,529.0,936.0,4.0
densidad_establecimientos_km2,0455,1155.2090202052052,0.6232638313991896,379.0,720.0,3.0
densidad_establecimientos_km2,0440,1102.2125661245884,0.5380087455226584,760.0,593.0,1.0
densidad_establecimientos_km2,2606,1075.6854106571425,0.3978858463261414,1585.0,428.0,2.0
densidad_accidentes_km2,0879,81.71303532787256,0.0122379495020288,7.0,2.0,1.0
densidad_accidentes_km2,5579,46.26633983907054,0.2809818119440235,1361.0,59.0,13.0
densidad_accidentes_km2,2362,43.39892497762482,0.2304204540816552,310.0,138.0,10.0
densidad_accidentes_km2,3799,42.88804584457663,0.1865321639738834,1852.0,110.0,8.0
densidad_accidentes_km2,3248,42.721466780837915,0.1170371800586836,308.0,17.0,5.0
