CVE_AGEB,cluster,local_I,p_sim
0027,Not significant,-1.2591320096702465,0.166
0031,Not significant,-0.10247999285046351,0.433
0120,Not significant,0.05827366831867414,0.153
0154,Not significant,1.5216598388530305,0.163
0169,Low-Low,0.8934505960468232,0.003
0188,Not significant,0.164808556632696,0.131
021A,Low-Low,0.48588918660433134,0.012
0224,Low-Low,1.131560239063318,0.002
0262,Not significant,-0.08082509203008574,0.232
0277,Low-Low,0.8885497946110598,0.039
0281,Not significant,0.46321937190217055,0.085
0296,Low-Low,0.6756313668688936,0.009
0309,Low-Low,0.06664293621143069,0.049
0313,Low-Low,0.23807110686254032,0.008
0328,Low-Low,0.929320684115429,0.002
0332,Not significant,0.3580372361558159,0.065
0347,Not significant,0.0054951310525874495,0.299
0366,Not significant,-0.0018536394247091884,0.412
039A,Not significant,0.24841605641109604,0.215
0402,Not significant,0.09335969338640374,0.31
0417,Not significant,-0.04447466549987006,0.45
0421,Not significant,0.1410557495738516,0.299
0436,Low-Low,0.3252038376026177,0.038
0440,Low-Low,1.1790532726150307,0.002
0455,Low-Low,1.5058936751110328,0.001
0474,Low-Low,1.5043171183474786,0.032
0489,Not significant,-0.0073006482337328975,0.454
0493,Low-Low,0.26832963672405147,0.03
0506,Low-Low,0.9775542367327932,0.014
0510,Low-Low,1.0547235196675715,0.017
0525,Not significant,0.3092887906491962,0.128
053A,Not significant,-0.003581987486626963,0.336
0544,Not significant,0.012757485380038123,0.337
0559,Not significant,1.1319460388415892,0.18
0563,Not significant,0.06877868525076869,0.184
0597,Not significant,-0.019834875145397605,0.314
060A,Not significant,-0.0007686618292228529,0.205
0614,Not significant,0.11793483987479216,0.124
0629,Not significant,0.18174130372717523,0.088
0633,Not significant,0.025015559297700687,0.422
0648,Not significant,0.1855672882413181,0.188
0652,Not significant,0.39148996187590546,0.076
0667,Not significant,0.1493531061326705,0.162
0671,Not significant,0.09621020057326188,0.249
0686,High-High,0.830446325784532,0.01
0718,High-High,0.3630487654658602,0.012
0737,Not significant,0.3199401226001622,0.175
0741,Not significant,0.4394300991769627,0.068
0756,Low-High,-0.10209187270067585,0.027
0760,Not significant,0.6925372579694546,0.082
078A,Not significant,-0.3424785884138664,0.132
0807,Not significant,0.3805313096849968,0.101
0826,High-High,0.5065659023636253,0.016
0845,Not significant,1.1319460388415892,0.117
085A,Not significant,0.3840346672510943,0.435
0864,Not significant,1.5287687401343155,0.057
0879,Not significant,-1.3034223059620782,0.14
1218,Not significant,0.2844596875757596,0.053
1241,High-High,4.379866396376304,0.001
1345,Not significant,-0.03755630678943705,0.335
1453,Low-Low,0.7072449170852788,0.023
1468,Not significant,0.374056764966669,0.075
1472,Low-Low,0.43680965223750234,0.049
1487,Not significant,-0.0373544117270753,0.276
1504,Low-Low,0.49679552228133184,0.023
1523,Not significant,0.08023445509153761,0.303
1542,Low-Low,0.41734170639009377,0.034
1557,Not significant,0.3715251224498788,0.11
1561,Low-Low,0.4886410016019268,0.01
1576,Low-Low,0.49340350160374663,0.006
1608,Not significant,0.07056440885165068,0.286
1631,High-High,1.046045894104239,0.007
1650,High-High,0.6977591546396313,0.047
1665,Not significant,0.07119615622378374,0.148
1684,Low-High,-1.1568260106703985,0.013
1699,Low-Low,0.5821813868677843,0.014
1716,Not significant,0.14226544303428404,0.069
1773,Not significant,0.027963939244182563,0.18
1805,Not significant,-0.0208628964733446,0.128
181A,Not significant,0.01036357598019023,0.453
1824,Not significant,-0.006830630256870368,0.496
1843,Not significant,0.04656030461309061,0.347
1858,Not significant,0.04299388568539836,0.35
1913,Not significant,-0.03938034047833434,0.123
199A,Low-Low,0.8344133626907851,0.013
2080,High-High,0.26826309644655655,0.048
2201,Not significant,-0.023984218917597114,0.351
2216,Not significant,-0.005677901837802363,0.484
2220,Not significant,0.5103143146340525,0.111
2235,Not significant,0.13454197953236283,0.2
224A,Not significant,0.17451632014563526,0.095
2254,Not significant,0.052957538347360285,0.066
2269,Not significant,0.5333145319581367,0.227
2273,High-High,1.460955118627783,0.012
2288,Not significant,0.5798588334181252,0.068
2292,Low-High,-0.28054583207953093,0.045
231A,High-High,0.7964585372357789,0.021
2324,Not significant,-0.50193800056289,0.236
2339,Not significant,-0.4415162365127001,0.205
2343,Not significant,0.5376069459924708,0.156
2358,Low-Low,1.2917664164912073,0.002
2362,Low-Low,0.8363817593042197,0.043
2377,Low-Low,1.0526588516430497,0.027
2381,Low-Low,0.5005505680110405,0.01
2396,Low-Low,0.6438826522083867,0.005
2409,Low-Low,0.9657298005060473,0.002
2413,Not significant,0.05262264781658798,0.28
2428,Not significant,0.08897398099908323,0.268
2432,Not significant,0.009113849628698156,0.267
2447,Not significant,0.0140947745549912,0.391
2451,Not significant,0.16782425220123545,0.3
2466,Not significant,0.029166913619311514,0.404
2470,Not significant,0.11612041868106539,0.318
2485,Not significant,0.17317924415139427,0.157
249A,Not significant,0.3112377373064134,0.087
2502,Low-Low,0.5839476874818772,0.048
2517,Not significant,0.20450474737854737,0.073
2521,Not significant,-0.3897600304159543,0.103
2540,Not significant,0.13299320310416465,0.16
2555,Not significant,-0.0391757298375428,0.183
2574,Not significant,0.7913659571708854,0.103
2589,Low-Low,0.4604014314903881,0.04
2593,Not significant,-0.08700729093029556,0.38
2606,Not significant,0.046496816045230406,0.408
2610,Not significant,-1.1002742127017697,0.158
2625,Low-High,-0.6777489964936161,0.036
263A,High-High,0.16194297188974982,0.031
2644,Not significant,0.07748860160690729,0.297
2663,Not significant,0.2737145370689329,0.113
2678,Not significant,0.43618874816249853,0.124
2682,Not significant,0.6035367992478439,0.112
2697,Not significant,0.24897496995637278,0.151
270A,Not significant,0.10123454795045304,0.147
2714,Not significant,-0.0006555201666576118,0.493
2729,Not significant,0.008099085969012551,0.215
2733,Not significant,0.04386763427032958,0.254
2748,Not significant,0.10214776238004857,0.321
2771,High-High,2.411519627314852,0.003
2786,Not significant,1.6141553489911726,0.051
2803,High-High,2.416629071254681,0.007
2818,Not significant,0.09767521952825862,0.328
2822,Not significant,0.06700767870577956,0.35
2837,High-High,0.01292347779415921,0.035
2841,Not significant,0.3003446257694147,0.161
2856,Low-High,-0.002909922568458092,0.015
2860,Not significant,0.02650594652225084,0.221
2875,Not significant,0.05999916157247944,0.287
288A,High-High,0.23529862075893626,0.016
2894,High-High,1.3204600303213452,0.003
2907,Not significant,2.843257096146065,0.055
2911,Not significant,0.04677110224023182,0.345
2926,Not significant,-0.14144729625497104,0.241
2930,Not significant,-0.007956829475977104,0.494
2945,Not significant,0.06406945781352862,0.425
295A,High-High,0.7819326721133084,0.001
2964,High-High,0.1903650403178476,0.022
2979,High-High,1.1894266044365278,0.001
2983,Not significant,0.005997698911314149,0.054
2998,Not significant,0.15105402272490281,0.209
3002,Not significant,-0.375978041949736,0.107
3017,Not significant,0.20728258952079845,0.134
3021,Not significant,0.1318046437617833,0.269
3036,Not significant,0.1252050177750573,0.252
3040,Not significant,-0.0067573987892589945,0.452
3055,Not significant,0.22618036950618825,0.156
306A,Not significant,0.016929300545477262,0.44
3074,Not significant,-0.03206218264265774,0.334
3089,Low-Low,0.3376681918068179,0.028
3093,High-High,2.15238847054351,0.009
3106,High-High,0.9366551181148306,0.026
3110,Not significant,-0.07282141307727552,0.276
3125,Not significant,-0.014644720513295871,0.443
313A,Not significant,0.2383169627305157,0.343
3144,High-High,0.9902422384486095,0.009
3159,High-High,0.7008990448761101,0.012
3163,Not significant,0.8893350397129581,0.07
3178,High-High,1.2629170503498097,0.013
3182,Not significant,0.8858367809769417,0.068
3197,Not significant,0.5513570310922508,0.092
320A,Not significant,0.18408926552827937,0.361
3214,Not significant,-0.005309566047713341,0.495
3233,Not significant,-0.0036805707904872115,0.359
3248,Not significant,0.00908110153080086,0.49
3267,Not significant,0.07878609858841662,0.14
3271,Not significant,0.04260817057395176,0.313
3286,Not significant,-0.1745097352351532,0.247
3290,Not significant,0.04196230282685417,0.318
3303,High-High,2.1013889415009217,0.018
3341,Not significant,-0.16308906460817327,0.112
3356,Not significant,0.015874922196382642,0.419
3360,Not significant,0.14684122269144095,0.06
338A,Not significant,0.007174904255925318,0.469
3394,Not significant,-0.12737656224102023,0.278
3407,Not significant,0.04922829976877709,0.275
3411,Not significant,0.2517767188527877,0.136
3426,High-High,0.43173999924999706,0.049
3430,Not significant,1.1375037828919903,0.051
3445,Low-Low,1.2462895246411578,0.001
345A,Not significant,0.7097767692779405,0.076
3483,Not significant,0.21496949023241269,0.127
3500,Not significant,0.5247241763608811,0.052
3515,High-High,0.5115688114332091,0.013
3549,Low-Low,2.606952596536555,0.011
3572,Low-High,-0.08223299181191082,0.028
3587,Low-Low,1.2047162032945107,0.019
3591,Low-Low,1.659009911408964,0.002
3604,Not significant,0.007575622929923573,0.486
3619,Not significant,0.010689947702195305,0.464
3657,Low-Low,0.5257234601957359,0.003
3676,Not significant,0.1914473556907154,0.29
3695,Not significant,0.28053313293083054,0.063
3708,Not significant,0.03648932249547238,0.414
3712,Not significant,0.7542138928713041,0.099
3727,Not significant,0.8849987028161134,0.113
3746,Not significant,0.049137677681802515,0.193
3765,Not significant,-0.1300281241266793,0.429
377A,High-High,0.22072819917274175,0.01
3784,Not significant,1.6067962634054573,0.062
3799,High-High,1.9276928898581498,0.005
3801,High-High,2.1605394152916935,0.01
384A,High-High,0.16065794701623856,0.026
3854,High-High,1.195792849954251,0.001
3869,Not significant,0.15281323488088364,0.096
3873,Not significant,0.48609753564355773,0.089
3905,Not significant,-0.0016044587231272267,0.153
391A,High-High,0.9563080581469297,0.001
3939,Low-Low,0.469642580147913,0.011
3943,Low-High,-0.010197843032780573,0.017
3958,High-High,2.5907575649883823,0.046
3962,Not significant,0.11634043398927,0.346
3977,Not significant,-0.14408742491657126,0.425
3981,Not significant,-0.006672652133816878,0.464
3996,Not significant,-0.004680289098554541,0.399
4000,Low-Low,0.4417090562376413,0.001
4015,Not significant,0.36491602826458946,0.059
402A,Low-Low,0.39098839308366595,0.043
4034,Not significant,0.8664340801362105,0.109
4049,Not significant,0.11500841647540519,0.359
4068,Not significant,0.11961076404871208,0.327
4072,Not significant,-0.011725200523406051,0.2
4087,Not significant,0.24545062196813175,0.152
4091,Not significant,0.553638425620764,0.08
4104,Low-Low,0.1725130009970461,0.045
4119,Not significant,0.049850534796011224,0.169
4123,Not significant,0.47224389039354564,0.142
4138,Not significant,0.5931564616362046,0.1
4142,High-High,7.416095749354827,0.001
4157,High-High,3.9898260778366677,0.012
4161,Not significant,0.14433091528289896,0.056
4176,Not significant,0.564013157296874,0.105
4180,Not significant,0.021891875013561626,0.146
4195,Not significant,0.028925438554293043,0.3
4208,High-High,0.5344404154492709,0.022
4212,Not significant,0.12663175899755214,0.289
4227,High-High,0.9537515244732143,0.007
4231,Not significant,0.34915740992076866,0.276
4250,Low-High,-0.056180781592242685,0.003
4265,Low-High,-0.06929675721227213,0.002
427A,Low-Low,2.169729892152691,0.001
4284,Low-Low,1.6292290192848364,0.001
4299,Low-Low,1.8369715310279406,0.004
4301,Not significant,1.3532442363696966,0.169
4316,Not significant,0.9406951608634821,0.152
4320,Low-High,-0.7988360560480088,0.012
4335,Low-High,-0.2116403904402719,0.001
4354,Not significant,-0.034703140768071745,0.452
4462,Not significant,0.024551372171198814,0.465
4477,Low-Low,1.4198325881561098,0.001
4481,Not significant,0.2923424000264755,0.128
4496,Not significant,0.491563590704869,0.056
4509,Not significant,0.059706325262487175,0.177
4513,Not significant,0.2814670488488486,0.325
4528,High-High,2.8456787069266993,0.006
4532,Not significant,0.3581062620854543,0.172
4547,Not significant,1.3311441140236604,0.133
4566,Not significant,0.011153431600773905,0.488
4570,Not significant,-0.009577115676442139,0.459
4585,Not significant,1.2877771304753867,0.086
4602,Low-Low,0.7147336151042437,0.016
4617,Not significant,0.18719173026101738,0.101
4621,Not significant,0.13312753929152218,0.261
4636,Not significant,0.6693044311281127,0.054
4640,Not significant,-0.07763576921025994,0.06
466A,Not significant,-0.1210834958454649,0.059
4674,Low-Low,1.7658834286737632,0.001
4689,Not significant,0.10835998612111993,0.294
4693,Not significant,0.2907956206263102,0.065
4706,Not significant,1.1402111035314015,0.126
4710,Not significant,0.03953783574051023,0.453
4725,Not significant,-0.01058504097185512,0.482
473A,Not significant,0.011575621535373379,0.326
4744,Not significant,0.45432391248073334,0.398
4759,Not significant,-0.04313752270586272,0.417
4763,Not significant,-0.006204336660735082,0.163
4778,Not significant,-0.08495013501456505,0.135
4814,High-High,0.3686160284828303,0.027
4829,Not significant,0.8921952945305656,0.118
4833,Low-Low,0.25472665708305126,0.039
4848,Low-Low,0.5209371777771645,0.037
4852,Not significant,0.10548808281421641,0.35
4867,Not significant,0.04068837420117772,0.265
4871,Low-Low,1.1775027364246948,0.025
4886,Not significant,0.9413421601442545,0.086
4890,Not significant,0.36349713866416467,0.095
4903,Low-Low,0.581347274322624,0.018
4937,Low-Low,0.9914698240742569,0.031
4960,Low-Low,1.9354470523745262,0.001
4975,Not significant,0.6664229601700966,0.097
498A,Low-Low,1.0367234202602353,0.022
4994,Not significant,0.24912899696139865,0.064
5009,Low-Low,0.5094468853820635,0.027
5013,Not significant,0.026959993571754468,0.374
5028,Not significant,-0.027222036234759498,0.259
5032,Not significant,0.7205520382393451,0.064
5047,Low-High,-0.6516710331019651,0.04
5051,Not significant,0.27986908238426655,0.254
5066,Not significant,0.026566013190645933,0.46
5070,High-High,0.29809834834924764,0.043
5085,Not significant,0.09513577394679336,0.298
509A,Not significant,-0.08129918512886776,0.353
5102,Not significant,-0.0023182370570675936,0.494
5117,Not significant,0.04858989281980907,0.362
5121,Not significant,-0.031308609590432385,0.342
5136,High-High,1.7063783564296866,0.019
5140,Not significant,0.48086940958266716,0.197
5155,Not significant,-0.08810277457290995,0.251
516A,Not significant,0.3329845571597925,0.111
5174,Not significant,-0.09475677126400989,0.149
5189,Not significant,0.055873328246631986,0.111
5210,Low-Low,1.0532961411871258,0.03
5225,Low-Low,0.8902763644067556,0.004
523A,Not significant,0.08163616217809946,0.093
5244,Low-Low,0.24276174703472175,0.042
5259,Not significant,0.272574268616629,0.224
5263,Not significant,0.1405466061464829,0.076
5278,Not significant,-0.009080772551052566,0.48
5282,Not significant,0.00988390274737931,0.489
5297,Not significant,-0.31551263496007664,0.125
530A,Not significant,-0.004089944679426934,0.498
5314,Not significant,0.2618568939411801,0.133
5329,Not significant,0.2655332618308194,0.092
5333,Not significant,0.1887108270698919,0.351
5348,Not significant,0.17082173865306247,0.267
5386,Low-Low,1.1297251286921721,0.03
5390,Not significant,0.9940288653899172,0.056
5418,Not significant,-0.26795124024317396,0.073
5422,Not significant,0.013810089739442862,0.3
5437,Not significant,0.023418124460569345,0.23
5441,Low-Low,1.0187168619158713,0.009
5456,Not significant,-0.021650850190610315,0.499
5460,Not significant,-0.0210528771062804,0.466
5475,Not significant,-0.03122106046479581,0.442
548A,Not significant,-0.0786325096037491,0.349
5494,Not significant,0.09178654289166842,0.146
5511,Not significant,0.029164949708899796,0.482
5526,Low-Low,0.9528642818666795,0.012
5579,Not significant,-0.020144386149317645,0.2
5583,Not significant,0.060787087276232096,0.35
5598,Low-Low,0.5902632506607866,0.033
5600,Low-Low,0.6100972384461172,0.035
562A,Low-Low,1.298716689720817,0.007
5634,Not significant,0.12122467583778387,0.118
5649,Not significant,0.7163943405305007,0.17
5672,Not significant,0.8578528914109635,0.051
5687,High-High,0.9303146867011192,0.026
5691,High-High,0.8277792160909249,0.037
5704,Not significant,0.16049340621554264,0.169
5719,Not significant,0.15516171227896644,0.324
5723,Not significant,0.23853487260519546,0.135
5738,Not significant,0.13361624329342556,0.257
5742,Not significant,-0.0075094074708621774,0.452
5757,Not significant,0.04650848911064993,0.164
5761,Not significant,0.6120699229927823,0.077
5776,Low-Low,0.21395840997412083,0.049
5780,Not significant,0.19869462651641281,0.064
5795,Not significant,0.007720687687542135,0.09
5808,Not significant,0.3255581126825426,0.222
5812,Not significant,0.08597254913476929,0.133
5827,Not significant,0.13408812354930147,0.327
5831,Not significant,-0.10875024666824426,0.386
5846,Not significant,0.008162511101754567,0.437
5850,Not significant,-0.003983570137014648,0.111
5865,Not significant,0.555376117492823,0.054
587A,Not significant,0.206993806071886,0.317
5884,Not significant,0.00022264247653795016,0.457
5899,Low-Low,1.3781614586852144,0.028
5916,Low-Low,1.1908400915942436,0.006
5920,Low-Low,1.7280570170285063,0.007
5935,Not significant,0.10358640332708575,0.41
594A,Not significant,0.3021330180155153,0.195
5969,Not significant,0.9235859431243868,0.085
5973,Not significant,0.2841796598765311,0.141
5988,Not significant,0.005363228056432713,0.433
5992,Not significant,0.5507751384339935,0.308
6007,Low-Low,1.347964406692275,0.006
6030,Not significant,0.2067732278696194,0.155
6045,Not significant,-0.18962884809981365,0.172
605A,Not significant,0.0008534092813910788,0.5
6064,Not significant,0.5065419754003085,0.133
6079,Not significant,0.05896314969946734,0.226
6083,Low-Low,1.1810485088150908,0.008
6098,Low-Low,1.682353348227174,0.005
6100,Low-Low,1.4915296107522589,0.002
6115,Not significant,-0.24852433020250153,0.084
612A,Not significant,-0.08393150547416442,0.158
6134,Not significant,0.7564598287438238,0.066
6149,Not significant,0.020490343542703134,0.134
6153,High-High,1.5506752438578206,0.044
6168,Low-Low,2.4990050699745296,0.002
6172,Not significant,-0.36285031778336907,0.27
6187,Not significant,0.28459779522022993,0.325
6191,Not significant,0.12183779597664234,0.106
6204,Not significant,-0.3609890514900287,0.41
6219,Not significant,0.19803930908537226,0.433
6223,Low-Low,2.12201475993625,0.013
6238,Not significant,0.32247501954480745,0.19
6242,Low-Low,2.054761550506091,0.004
6257,Not significant,2.233050010772411,0.052
6261,Low-Low,1.8941164466104121,0.001
6350,Not significant,1.8601129784574721,0.096
6365,High-High,0.9027286714110085,0.012
637A,High-High,2.3025891558747413,0.012
6384,High-High,2.3753946596950666,0.015
6399,Low-High,-0.13109570670352255,0.013
6401,High-High,0.509185057100729,0.016
6416,Low-Low,1.2131253572093448,0.021
6420,Low-Low,1.7327770138706537,0.023
6435,Low-Low,1.5550860657004755,0.001
644A,Low-Low,1.941718530712834,0.004
6454,Not significant,-0.05678409771057051,0.378
6469,Not significant,0.019814396969737635,0.441
6473,Not significant,0.03314355800213409,0.298
6488,Not significant,-0.07449488355297434,0.144
6492,Low-Low,0.349131723142287,0.02
6505,Low-Low,0.7401096341280541,0.022
651A,Not significant,-0.021741927500339243,0.113
6524,Not significant,-0.27859858805241505,0.376
6539,Not significant,0.6790145875045671,0.07
6543,Low-Low,0.5139755585883109,0.006
6558,High-High,0.9246944990547432,0.048
6581,Not significant,1.5736529712473781,0.058
6613,Not significant,0.5256554205061081,0.217
6628,Not significant,0.13587622639211927,0.159
6632,Not significant,0.3209302794927555,0.12
6647,Not significant,0.618905498263035,0.131
6651,Not significant,0.13874971460176333,0.062
6666,Not significant,1.1794330167589706,0.084
6670,Not significant,-1.0066048681142892,0.159
669A,Not significant,0.8125236620876529,0.051
6702,Not significant,0.2407903330699462,0.126
6717,Not significant,0.02673837569061213,0.445
6721,Not significant,0.5198249804094577,0.15
6736,Low-Low,2.4893086296133085,0.01
6740,Not significant,0.8822619096663548,0.099
6755,Not significant,0.6701534678384738,0.087
676A,Not significant,0.008503953294769006,0.489
6774,Not significant,0.015292757279557534,0.372
6789,Low-Low,1.7590763455818201,0.004
6793,Not significant,0.07763477399158505,0.217
6806,Low-Low,1.171828410366938,0.014
6810,Not significant,-0.04651217539505334,0.439
6825,Not significant,0.01632032753090668,0.372
683A,Not significant,0.0220025348842197,0.391
6844,Not significant,0.04433497659306436,0.469
6859,Not significant,-0.4288706025505772,0.389
6863,Not significant,0.5023525599809113,0.168
6878,Not significant,0.17631583932922612,0.065
6882,Not significant,0.020136768904009644,0.456
6897,Not significant,0.057759091643992524,0.417
690A,Not significant,0.504574428934434,0.115
6914,Not significant,0.3040136661054721,0.311
6929,Low-Low,1.4218822799959918,0.007
6948,Not significant,1.3374801446060316,0.185
6952,Not significant,-0.0005950064183346654,0.06
6967,Low-Low,1.2576850049806234,0.046
6971,Not significant,0.45037509439668866,0.234
6986,Not significant,-0.17808004362976246,0.341
6990,Not significant,0.4584249990217498,0.082
7005,Not significant,0.740219377982749,0.133
701A,Not significant,3.85955423983725,0.147
7024,Not significant,-0.027416331859944666,0.423
7039,No neighbors,-0.0,
7043,Not significant,0.1227629352056944,0.459
