ID,EDO,MES,ANIO,MPIO,HORA,MINUTOS,DIA,DIASEMANA,URBANA,SUBURBANA,TIPACCID,AUTOMOVIL,CAMPASAJ,MICROBUS,PASCAMION,OMNIBUS,TRANVIA,CAMIONETA,CAMION,TRACTOR,FERROCARRI,MOTOCICLET,BICICLETA,OTROVEHIC,CAUSAACCI,CAPAROD,SEXO,ALIENTO,CINTURON,EDAD,CONDMUERTO,CONDHERIDO,PASAMUERTO,PASAHERIDO,PEATMUERTO,PEATHERIDO,CICLMUERTO,CICLHERIDO,OTROMUERTO,OTROHERIDO,TOTMUERTOS,TOTHERIDOS,CLASE,CALLE1,CALLE2,CARRETERA,LONGITUD,LATITUD,index_right,CVE_AGEB
1161706-999-0,31,1,2024,50,0,56,1,1,2,0,4,0,1,0,0,0,0,0,0,0,0,0,0,0,1,1,2,5,7,41,0,0,0,0,0,0,0,0,0,0,0,0,3,LICENCIADO MANUEL BERZUNZA,137,,-89.69450177,20.93541489,,
1161706-999-32,31,1,2024,50,0,2,9,2,1,0,1,1,0,0,0,0,0,1,0,0,0,0,0,0,1,1,2,4,7,41,0,1,0,0,0,0,0,0,0,0,0,1,2,7,7,,-89.69062043,21.00678742,,
1161706-999-44,31,1,2024,50,2,2,13,6,1,0,10,1,0,0,0,0,0,0,0,0,0,1,0,0,1,1,2,5,8,20,0,1,0,0,0,0,0,0,0,0,0,1,2,23,4,,-89.69528497,21.00934866,,
1161706-999-80,31,1,2024,50,18,9,18,4,2,0,1,2,0,0,0,0,0,0,0,0,0,0,0,0,1,1,2,5,7,24,0,0,0,0,0,0,0,0,0,0,0,0,3,118,25,,-89.72935256,21.01376474,,
1161706-999-83,31,1,2024,50,20,13,18,4,0,2,7,1,0,0,0,0,0,0,0,0,0,0,0,0,1,1,1,6,9,0,0,0,0,1,0,0,0,0,0,0,0,1,2,MÉRIDA - TEKIK DE REGIL,,MÉRIDA - TEKIK DE REGIL,-89.58600195,20.87064605,,
1161706-999-88,31,1,2024,50,19,58,19,5,2,0,4,0,0,0,1,0,0,0,0,0,0,0,0,0,3,1,2,5,7,44,0,0,0,0,0,0,0,0,0,0,0,0,3,ARCO VIAL NORTE,23,,-89.6907084,21.0074341,,
1161706-999-101,31,1,2024,50,18,34,21,7,2,0,10,1,0,0,0,0,0,0,0,0,0,1,0,0,1,1,1,6,9,0,0,0,0,0,0,0,0,0,0,0,0,0,3,30,30,,-89.71446636,21.02131317,,
1161706-999-103,31,1,2024,50,21,52,21,7,0,2,4,1,0,0,0,0,0,0,0,0,0,0,0,0,1,1,1,6,9,0,0,0,0,0,0,0,0,0,0,0,0,0,3,23,,,-89.64930477,20.81956303,,
1161706-999-106,31,1,2024,50,0,33,22,1,2,0,4,0,0,0,0,0,0,0,1,0,0,0,0,0,3,1,2,5,7,40,0,0,0,0,0,0,0,0,0,0,0,0,3,18,23,,-89.55504346,21.04115931,,
1161706-999-113,31,1,2024,50,20,6,22,1,0,2,1,2,0,0,0,0,0,0,0,0,0,0,0,0,5,1,2,5,8,27,0,2,0,0,0,0,0,0,0,0,0,2,2,14,,,-89.62619288,20.81158251,,
1161706-999-141,31,1,2024,50,19,10,27,6,1,0,1,2,0,0,0,0,0,0,0,0,0,0,0,0,1,1,2,4,8,40,0,2,0,1,0,0,0,0,0,0,0,3,2,149,,,-89.54659063,20.98180765,,
1169228-999-170,31,2,2024,50,15,23,1,4,1,0,4,1,0,0,0,0,0,0,0,0,0,0,0,0,1,1,2,5,7,48,0,0,0,0,0,0,0,0,0,0,0,0,3,11,13,,-89.55669917,21.04874694,,
1169228-999-172,31,2,2024,50,8,40,2,5,0,2,10,0,0,0,0,0,0,0,0,0,0,2,0,0,1,1,2,5,8,26,0,2,0,1,0,0,0,0,0,0,0,3,2,50,253,,-89.62452317,20.86001295,,
1169228-999-8,31,2,2024,50,1,49,6,2,1,0,4,1,0,0,0,0,0,0,0,0,0,0,0,0,5,1,2,5,7,31,0,0,0,0,0,0,0,0,0,0,0,0,3,31,31,,-89.70814358,21.00579374,,
1169228-999-21,31,2,2024,50,1,23,10,6,0,2,4,1,0,0,0,0,0,0,0,0,0,0,0,0,1,1,2,4,8,47,0,0,0,0,0,0,0,0,0,0,0,0,3,E.C. MÉRIDA - PROGRESO - UNIMAYAB,,E.C. MÉRIDA - PROGRESO - UNIMAYAB,-89.61388823,21.10201951,,
1169228-999-89,31,2,2024,50,5,10,14,3,2,0,4,0,0,0,0,0,0,1,0,0,0,0,0,0,1,1,2,5,7,32,0,0,0,0,0,0,0,0,0,0,0,0,3,LICENCIADO MANUEL BERZUNZA,PERIFÉRICO - SUSULÁ,LICENCIADO MANUEL BERZUNZA,-89.68987479,20.97480268,,
1169228-999-100,31,2,2024,50,20,25,15,4,0,2,5,1,0,0,0,0,0,0,0,0,0,1,0,0,1,1,3,5,8,36,0,1,0,0,0,0,0,0,0,0,0,1,2,CARRETERA MÉRIDA - PROGRESO - DZITYÁ - UMÁN,,CARRETERA MÉRIDA - PROGRESO - DZITYÁ - UMÁN,-89.697079,21.065311,,
1169228-999-102,31,2,2024,50,1,13,16,5,1,0,4,1,0,0,0,0,0,0,0,0,0,0,0,0,1,1,2,4,8,39,0,1,0,0,0,0,0,0,0,0,0,1,2,136,136,,-89.67692878,20.94782292,,
1169228-999-128,31,2,2024,50,13,22,21,3,2,0,5,1,0,0,0,0,0,0,0,0,0,1,0,0,1,1,2,5,8,56,0,0,0,1,0,0,0,0,0,0,0,1,2,20,21,,-89.61387957,21.13229481,,
1169228-999-69,31,2,2024,50,7,12,25,7,2,0,4,1,0,0,0,0,0,0,0,0,0,0,0,0,1,1,2,5,7,33,0,0,0,0,0,0,0,0,0,0,0,0,3,16 A,,,-89.54901679,21.01344632,,
1169228-999-139,31,2,2024,50,16,21,27,2,1,0,1,2,0,0,0,0,0,0,0,0,0,0,0,0,1,1,3,4,7,32,0,2,0,0,0,0,0,0,0,0,0,2,2,22,21,,-89.57103175,21.06644863,,
1178583-999-140,31,3,2024,50,7,51,3,7,2,0,5,1,0,0,0,0,0,0,0,0,0,1,0,0,1,1,2,5,8,41,0,1,0,0,0,0,0,0,0,0,0,1,2,20 A,21 A,,-89.66152791,20.82327213,,
1178583-999-148,31,3,2024,50,9,58,6,3,2,0,7,0,0,0,0,0,0,1,0,0,0,0,0,0,1,1,2,5,7,33,0,0,0,1,0,0,0,0,0,0,0,1,2,86,,,-89.65349438,20.88055426,,
1178583-999-119,31,3,2024,50,21,39,6,3,0,2,4,1,0,0,0,0,0,0,0,0,0,0,0,0,1,1,2,4,8,21,0,1,0,1,0,0,0,0,0,0,0,2,2,UNIMAYAB - DZIBILCHALTÚN,,UNIMAYAB - DZIBILCHALTÚN,-89.6121716,21.10132334,,
1178583-999-103,31,3,2024,50,6,20,8,5,1,0,4,1,0,0,0,0,0,0,0,0,0,0,0,0,1,1,1,6,9,0,0,0,0,0,0,0,0,0,0,0,0,0,3,ARCO VIAL NORTE,23,,-89.69082342,21.00724448,,
1178583-999-135,31,3,2024,50,16,13,8,5,0,2,5,0,0,0,0,0,0,1,0,0,0,0,0,0,1,1,2,5,8,34,0,1,0,0,0,0,0,0,0,0,0,1,2,DZOYAXCHÉ - MOLAS,,DZOYAXCHÉ - MOLAS,-89.60695744,20.80439771,,
1178583-999-176,31,3,2024,50,21,30,8,5,2,0,10,1,0,0,0,0,0,0,0,0,0,1,0,0,1,1,2,4,7,54,0,1,0,1,0,0,0,0,0,0,0,2,2,LICENCIADO MANUEL BERZUNZA,PERIFÉRICO - SUSULÁ,LICENCIADO MANUEL BERZUNZA,-89.68989781,20.97480283,,
1178583-999-112,31,3,2024,50,14,32,10,7,0,2,4,1,0,0,0,0,0,0,0,0,0,0,0,0,1,1,2,5,8,20,0,1,0,0,0,0,0,0,0,0,0,1,2,E.C. MÉRIDA - PROGRESO - UNIMAYAB,,E.C. MÉRIDA - PROGRESO - UNIMAYAB,-89.62342091,21.103314,,
1178583-999-133,31,3,2024,50,23,7,12,2,2,0,5,1,0,0,0,0,0,0,0,0,0,1,0,0,1,1,2,5,8,32,0,1,0,0,0,0,0,0,0,0,0,1,2,29,20 A,,-89.57985214,21.09051469,,
1178583-999-127,31,3,2024,50,19,39,14,4,1,0,4,1,0,0,0,0,0,0,0,0,0,1,0,0,1,1,2,5,8,57,0,1,0,0,0,0,0,0,0,0,0,1,2,10,23,,-89.65224931,20.82066606,,
1178583-999-85,31,3,2024,50,21,52,20,3,0,2,2,1,0,0,0,0,0,0,0,0,0,0,0,0,2,1,2,5,8,37,0,0,0,0,0,1,0,0,0,0,0,1,2,CHABLEKAL - TEMOZÓN NORTE,,CHABLEKAL - TEMOZÓN NORTE,-89.58304103,21.08274961,,
1178583-999-81,31,3,2024,50,13,58,23,6,1,0,1,1,1,0,0,0,0,0,0,0,0,0,0,0,1,1,2,5,7,61,0,1,0,0,0,0,0,0,0,0,0,1,2,70,70,,-89.68997336,21.00796874,,
1170914-999-123,31,4,2024,50,15,31,6,6,1,0,10,0,0,0,0,0,0,1,0,0,0,1,0,0,1,1,2,6,9,38,0,1,0,1,0,0,0,0,0,0,0,2,2,20,21 A,,-89.6792835,21.0481718,,
1170914-999-124,31,4,2024,50,18,41,6,6,1,0,1,2,0,0,0,0,0,0,0,0,0,0,0,0,1,1,2,4,7,51,0,0,0,2,0,0,0,0,0,0,0,2,2,59 A,,,-89.69138913,21.00678208,,
1170914-999-19,31,4,2024,50,23,44,7,7,1,0,4,0,1,0,0,0,0,0,0,0,0,0,0,0,1,1,1,6,9,0,0,0,0,0,0,0,0,0,0,0,0,0,3,24,25,,-89.59963186,21.04941744,,
1170914-999-144,31,4,2024,50,17,40,10,3,2,0,7,1,0,0,0,0,0,0,0,0,0,0,0,0,1,1,2,4,7,54,0,0,0,0,0,0,0,0,0,0,0,0,3,LICENCIADO MANUEL BERZUNZA,,,-89.69433069,20.93509337,,
1170914-999-168,31,4,2024,50,18,53,14,7,2,0,4,1,0,0,0,0,0,0,0,0,0,0,0,0,1,1,2,5,7,30,0,0,0,2,0,0,0,0,0,0,0,2,2,PERIFÉRICO - SAN ANTONIO HOOL,,,-89.6704195,21.05153292,,
1170914-999-174,31,4,2024,50,15,4,15,1,0,2,4,1,0,0,0,0,0,0,0,0,0,0,0,0,1,1,3,5,8,45,0,1,0,0,0,0,0,0,0,0,0,1,2,E.C. MÉRIDA - PROGRESO - UNIMAYAB,,E.C. MÉRIDA - PROGRESO - UNIMAYAB,-89.63224805,21.10460865,,
1170914-999-25,31,4,2024,50,23,5,15,1,1,0,1,1,0,0,0,0,0,1,0,0,0,0,0,0,1,1,1,6,9,0,0,0,0,0,0,0,0,0,0,0,0,0,3,118,45 L,,-89.6677102,21.0856591,,
1170914-999-27,31,4,2024,50,0,55,20,6,2,0,1,1,1,0,0,0,0,0,0,0,0,0,0,0,1,1,1,6,9,0,0,0,0,0,0,0,0,0,0,0,0,0,3,22,,,-89.70839825,21.01652543,,
1170914-999-199,31,4,2024,50,2,34,20,6,2,0,4,1,0,0,0,0,0,0,0,0,0,0,0,0,1,1,2,4,8,20,0,0,0,0,0,0,0,0,0,0,0,0,3,22 DIAGONAL,CEDRO,,-89.55647251,21.05003106,,
1170914-999-39,31,4,2024,50,21,24,22,1,2,0,7,0,1,0,0,0,0,0,0,0,0,0,0,0,1,1,2,5,7,50,0,0,0,1,0,0,0,0,0,0,0,1,2,86,87,,-89.65371768,20.87839354,,
1170914-999-44,31,4,2024,50,11,7,23,2,2,0,1,2,0,0,0,0,0,0,0,0,0,0,0,0,1,1,3,5,7,30,0,0,0,0,0,0,0,0,0,0,0,0,3,22,23,,-89.5969724,21.0639509,,
1170914-999-7,31,4,2024,50,19,37,27,6,2,0,10,1,0,0,0,0,0,0,0,0,0,1,0,0,1,1,1,6,9,0,0,1,0,1,0,0,0,0,0,0,0,2,2,24,19,,-89.7165072,20.94510016,,
1170914-999-9,31,4,2024,50,4,47,28,7,1,0,4,0,0,0,0,0,0,1,0,0,0,0,0,0,1,1,1,6,9,0,0,0,0,0,0,0,0,0,0,0,0,0,3,31,31,,-89.7081436,21.0057937,,
1170914-999-84,31,4,2024,50,21,21,28,7,2,0,10,1,0,0,0,0,0,0,0,0,0,1,0,0,1,1,2,4,7,31,0,1,0,3,0,0,0,0,0,0,0,4,2,140 B,137,,-89.6884798,20.9370901,,
1175531-999-7,31,5,2024,50,3,48,2,4,1,0,4,1,0,0,0,0,0,0,0,0,0,0,0,0,1,1,3,4,7,39,0,1,0,0,0,0,0,0,0,0,0,1,2,ARCO VIAL NORTE,23,,-89.69082066,21.00724494,,
1175531-999-48,31,5,2024,50,9,49,8,3,1,0,10,0,1,0,0,0,0,0,0,0,0,1,0,0,1,1,2,5,7,38,0,1,0,0,0,0,0,0,0,0,0,1,2,21 A,23,,-89.7022411,21.01379671,,
1175531-999-58,31,5,2024,50,7,3,10,5,2,0,4,0,1,0,0,0,0,0,0,0,0,0,0,0,1,1,2,5,8,50,0,1,0,0,0,0,0,0,0,0,0,1,2,14,31,,-89.65159256,21.10400822,,
1175531-999-89,31,5,2024,50,1,21,14,2,2,0,8,0,0,0,0,0,0,1,0,0,0,0,0,0,1,1,1,6,9,0,0,0,0,0,0,0,0,0,0,0,0,0,3,59 A,,,-89.69138747,21.00678233,,
1175531-999-108,31,5,2024,50,13,15,17,5,2,0,4,1,0,0,0,0,0,0,0,0,0,0,0,0,1,1,1,6,9,0,0,0,0,0,0,0,0,0,0,0,0,0,3,114 A,45 L,,-89.66458768,21.08588203,,
1175531-999-114,31,5,2024,50,5,5,18,6,0,2,4,1,0,0,0,0,0,0,0,0,0,0,0,0,1,1,1,6,9,0,0,0,0,0,0,0,0,0,0,0,0,0,3,CHABLEKAL - TEMOZÓN NORTE,,CHABLEKAL - TEMOZÓN NORTE,-89.58641791,21.07809149,,
1175531-999-160,31,5,2024,50,20,26,23,4,1,0,1,2,0,0,0,0,0,0,0,0,0,0,0,0,1,1,2,5,7,22,0,0,0,0,0,0,0,0,0,0,0,0,3,18,17,,-89.554467,21.04553156,,
1175531-999-171,31,5,2024,50,7,4,25,6,1,0,4,1,0,0,0,0,0,0,0,0,0,1,0,0,1,1,1,6,9,0,0,0,0,0,0,0,0,0,0,0,0,0,3,24,17,,-89.63377932,21.07689733,,
1175531-999-192,31,5,2024,50,23,47,27,1,2,0,7,1,0,0,0,0,0,0,0,0,0,0,0,0,1,1,1,6,9,0,0,0,0,0,0,0,0,0,0,0,0,0,3,17,14,,-89.5261545,21.0229363,,
1175531-999-210,31,5,2024,50,10,59,30,4,2,0,5,1,0,0,0,0,0,0,0,0,0,0,0,0,1,1,2,6,9,41,0,1,0,0,0,0,0,0,0,0,0,1,2,LICENCIADO MANUEL BERZUNZA,,,-89.69433306,20.93509586,,
1171098-999-34,31,6,2024,50,2,35,2,7,2,0,1,1,1,0,0,0,0,0,0,0,0,0,0,0,1,1,3,4,7,31,0,0,0,0,0,0,0,0,0,0,0,0,3,45 J,118,,-89.6674835,21.0866513,,
1171098-999-38,31,6,2024,50,20,22,2,7,2,0,4,0,0,0,0,0,0,1,0,0,0,0,0,0,1,1,3,4,7,46,0,0,0,0,0,0,0,0,0,0,0,0,3,149,7,,-89.5628744,20.981743,,
1171098-999-57,31,6,2024,50,8,54,6,4,2,0,1,1,1,0,0,0,0,0,0,0,0,0,0,0,1,1,3,5,7,31,0,0,0,0,0,0,0,0,0,0,0,0,3,LICENCIADO MANUEL BERZUNZA,PERIFÉRICO - SUSULÁ,LICENCIADO MANUEL BERZUNZA,-89.69001134,20.97480294,,
1171098-999-78,31,6,2024,50,8,29,8,6,1,0,10,1,0,0,0,0,0,0,0,0,0,1,0,0,1,1,2,5,7,21,0,1,0,0,0,0,0,0,0,0,0,1,2,31,74 A,,-89.69418221,21.00580668,,
1171098-999-119,31,6,2024,50,5,28,16,7,1,0,4,1,0,0,0,0,0,0,0,0,0,0,0,0,1,1,2,4,7,48,0,0,0,0,0,0,0,0,0,0,0,0,3,31,31,,-89.7081436,21.0057937,,
1171098-999-15,31,6,2024,50,15,21,16,7,2,0,1,1,1,0,0,0,0,0,0,0,0,0,0,0,5,1,1,6,9,0,0,0,0,0,0,0,0,0,0,0,0,0,3,22,25,,-89.55834762,21.04004078,,
1171098-999-122,31,6,2024,50,2,49,17,1,2,0,5,1,0,0,0,0,0,0,0,0,0,1,0,0,1,1,3,5,8,23,0,1,0,0,0,0,0,0,0,0,0,1,2,28,27,,-89.56324323,21.03901595,,
1171098-999-145,31,6,2024,50,0,2,23,7,1,0,10,1,0,0,0,0,0,0,0,0,0,1,0,0,1,1,2,5,7,55,0,1,0,0,0,0,0,0,0,0,0,1,2,22,27,,-89.55852114,21.03857375,,
1171098-999-22,31,6,2024,50,7,6,25,2,2,0,1,2,0,0,0,0,0,0,0,0,0,0,0,0,1,1,1,6,9,0,0,0,0,0,0,0,0,0,0,0,0,0,3,20,17,,-89.57738767,21.09946215,,
1171098-999-154,31,6,2024,50,8,45,25,2,2,0,10,0,0,0,0,0,0,0,0,0,0,2,0,0,5,1,2,5,8,21,0,2,0,0,0,0,0,0,0,0,0,2,2,30,21,,-89.71483494,21.0191746,,
1171098-999-26,31,6,2024,50,21,49,30,7,2,0,4,1,0,0,0,0,0,0,0,0,0,0,0,0,1,1,1,6,9,0,0,0,0,0,0,0,0,0,0,0,0,0,3,149,,,-89.54658273,20.98179959,,
1175256-999-21,31,7,2024,50,2,19,1,1,0,2,10,1,0,0,0,0,0,0,0,0,0,1,0,0,1,1,2,4,8,23,0,1,0,2,0,0,0,0,0,0,0,3,2,MÉRIDA - TEKIK DE REGIL,,MÉRIDA - TEKIK DE REGIL,-89.56272433,20.84280863,,
1175256-999-53,31,7,2024,50,16,35,8,1,1,0,4,0,0,0,1,0,0,0,0,0,0,0,0,0,1,1,2,5,7,61,0,0,0,0,0,0,0,0,0,0,0,0,3,33,30,,-89.66164044,21.10335463,,
1175256-999-72,31,7,2024,50,23,12,12,5,2,0,10,0,0,0,0,0,0,0,0,0,0,2,0,0,1,1,2,4,8,28,0,2,0,1,0,0,0,0,0,0,0,3,2,114,,,-89.72316287,21.02195608,,
1175256-999-110,31,7,2024,50,18,16,20,6,1,0,4,0,0,0,1,0,0,0,0,0,0,0,0,0,1,1,2,5,9,54,0,1,0,0,0,0,0,0,0,0,0,1,2,30,33,,-89.66284849,21.10329604,,
1175256-999-115,31,7,2024,50,4,38,21,7,1,0,4,1,0,0,0,0,0,0,0,0,0,0,0,0,1,1,2,4,8,32,0,1,0,0,0,0,0,0,0,0,0,1,2,22 DIAGONAL,,,-89.55492339,21.05255844,,
1175256-999-17,31,7,2024,50,8,20,21,7,0,2,4,1,0,0,0,0,0,0,0,0,0,1,0,0,1,1,1,6,9,0,0,0,0,3,0,0,0,0,0,0,0,3,2,YAXCHÉ - SIERRA PAPACAL,,YAXCHÉ - SIERRA PAPACAL,-89.71536449,21.099387,,
1175256-999-121,31,7,2024,50,20,40,21,7,1,0,10,1,0,0,0,0,0,0,0,0,0,1,0,0,1,1,2,4,8,31,0,1,0,0,0,0,0,0,0,0,0,1,2,18,21,,-89.70514748,21.01567065,,
1175256-999-144,31,7,2024,50,0,27,26,5,2,0,5,1,0,0,0,0,0,0,0,0,0,1,0,0,1,1,2,4,8,37,0,1,0,0,0,0,0,0,0,0,0,1,2,149,12,,-89.56327249,20.98175355,,
1175256-999-150,31,7,2024,50,22,8,26,5,2,0,10,0,0,0,0,0,0,0,0,0,0,2,0,0,1,1,2,6,9,20,0,1,0,0,0,0,0,0,0,0,0,1,2,26,21,,-89.58180131,21.0966947,,
1175256-999-19,31,7,2024,50,1,38,28,7,2,0,4,1,0,0,0,0,0,0,0,0,0,0,0,0,1,1,1,6,9,0,0,0,0,0,0,0,0,0,0,0,0,0,3,23,12,,-89.55056567,21.0406772,,
1171492-999-31,31,8,2024,50,0,33,3,6,0,2,10,0,0,0,0,0,0,0,0,0,0,2,0,0,1,1,3,5,8,36,0,1,0,2,0,0,0,0,0,0,0,3,2,MÉRIDA - TEKIK DE REGIL,47,,-89.59824437,20.89252186,,
1171492-999-4,31,8,2024,50,6,22,5,1,2,0,5,1,0,0,0,0,0,0,0,0,0,1,0,0,1,1,1,6,9,0,0,0,0,0,0,0,0,0,0,0,0,0,3,LICENCIADO MANUEL BERZUNZA,,LICENCIADO MANUEL BERZUNZA,-89.68634533,20.97847557,,
1171492-999-60,31,8,2024,50,18,2,8,4,2,0,4,0,0,0,0,0,0,0,0,1,0,0,0,0,1,1,2,5,7,49,0,0,0,0,0,0,0,0,0,0,0,0,3,LICENCIADO MANUEL BERZUNZA,,LICENCIADO MANUEL BERZUNZA,-89.69500193,20.96120412,,
1171492-999-63,31,8,2024,50,5,5,9,5,2,0,1,1,1,0,0,0,0,0,0,0,0,0,0,0,1,1,2,4,7,28,0,1,0,0,0,0,0,0,0,0,0,1,2,126 A,89,,-89.5271825,20.99714407,,
1171492-999-7,31,8,2024,50,5,6,11,7,0,2,4,0,0,0,0,0,0,1,0,0,0,0,0,0,1,1,1,6,9,0,0,0,0,0,0,0,0,0,0,0,0,0,3,33,MÉRIDA - TIZIMÍN,,-89.55345168,21.03477327,,
1171492-999-136,31,8,2024,50,16,13,23,5,1,0,10,1,0,0,0,0,0,0,0,0,0,1,0,0,1,1,2,6,9,43,0,1,0,0,0,0,0,0,0,0,0,1,2,18 D,65,,-89.55463954,21.01417708,,
1171492-999-158,31,8,2024,50,10,12,28,3,1,0,10,1,0,0,0,0,0,0,0,0,0,1,0,0,1,1,2,5,8,23,0,2,0,0,0,0,0,0,0,0,0,2,2,134,105,,-89.53070757,20.99308996,,
1171492-999-166,31,8,2024,50,18,8,29,4,1,0,1,3,0,0,0,0,0,0,0,0,0,0,0,0,1,1,3,5,7,19,0,3,0,0,0,0,0,0,0,0,0,3,2,105,130,,-89.52892106,20.99311067,,
1171650-999-31,31,9,2024,50,7,54,1,7,2,0,10,1,0,0,0,0,0,0,0,0,0,1,0,0,1,1,2,6,8,48,0,1,0,0,0,0,0,0,0,0,0,1,2,LICENCIADO MANUEL BERZUNZA,,,-89.69115304,20.96615206,,
1171650-999-45,31,9,2024,50,19,55,3,2,0,2,4,1,0,0,0,0,0,0,0,0,0,0,0,0,1,1,2,5,8,19,0,1,0,0,0,0,0,0,0,0,0,1,2,CHOLUL - TEMOZÓN NORTE,,CHOLUL - TEMOZÓN NORTE,-89.5837523,21.06849803,,
1171650-999-64,31,9,2024,50,23,1,6,5,1,0,4,1,0,0,0,0,0,0,0,0,0,0,0,0,1,1,3,5,7,29,0,0,0,0,0,0,0,0,0,0,0,0,3,37,44,,-89.5759678,20.92911507,,
1171650-999-67,31,9,2024,50,7,56,7,6,2,0,5,1,0,0,0,0,0,0,0,0,0,0,0,0,1,1,2,4,8,30,0,1,0,0,0,0,0,0,0,0,0,1,2,22,17,,-89.73252831,21.12325205,,
1171650-999-4,31,9,2024,50,21,21,7,6,2,0,10,0,1,0,0,0,0,0,0,0,0,1,0,0,1,1,1,6,9,0,0,0,0,0,0,0,0,0,0,0,0,0,3,14,23,,-89.65545393,20.82154048,,
1171650-999-75,31,9,2024,50,21,30,7,6,2,0,10,0,0,0,0,0,0,0,0,0,0,2,0,0,1,1,2,4,8,28,0,2,0,1,0,0,0,0,0,0,0,3,2,65,58,,-89.58302766,20.92605784,,
1171650-999-78,31,9,2024,50,8,57,8,7,1,0,10,1,0,0,0,0,0,0,0,0,0,1,0,0,1,1,2,5,7,41,0,1,0,1,0,0,0,0,0,0,0,2,2,22,25,,-89.55893905,20.93238945,,
1171650-999-115,31,9,2024,50,23,47,14,6,2,0,4,0,0,0,0,0,0,1,0,0,0,0,0,0,1,1,2,5,7,53,0,1,0,0,0,0,0,0,0,0,0,1,2,44,69,,-89.57126282,20.94075726,,
1171650-999-13,31,9,2024,50,21,38,15,7,2,0,4,1,0,0,0,0,0,0,0,0,0,0,0,0,1,1,1,6,9,0,0,0,0,0,0,0,0,0,0,0,0,0,3,22,14,,-89.73254367,21.12330433,,
1171650-999-149,31,9,2024,50,12,43,21,6,1,0,4,1,0,0,0,0,0,0,0,0,0,0,0,0,1,1,3,5,7,21,0,0,0,0,0,0,0,0,0,0,0,0,3,26,26,,-89.5817278,21.09725827,,
1171650-999-160,31,9,2024,50,15,54,23,1,1,0,1,2,0,0,0,0,0,0,0,0,0,0,0,0,1,1,3,5,7,31,0,0,0,0,0,0,0,0,0,0,0,0,3,26,21,,-89.68250703,21.0499907,,
1171650-999-168,31,9,2024,50,16,31,25,3,1,0,10,0,1,0,0,0,0,0,0,0,0,1,0,0,1,1,3,5,7,54,0,0,0,0,0,0,0,0,0,0,0,0,3,20,31,,-89.65625324,21.1034776,,
1171650-999-183,31,9,2024,50,20,21,28,6,2,0,1,1,1,0,0,0,0,0,0,0,0,0,0,0,1,1,3,4,7,22,0,0,0,0,0,0,0,0,0,0,0,0,3,2,17,,-89.55725935,20.93622125,,
1171650-999-190,31,9,2024,50,16,15,29,7,1,0,10,1,0,0,0,0,0,0,0,0,0,1,0,0,1,1,2,5,8,53,0,1,0,1,0,0,0,0,0,0,0,2,2,20,20,,-89.70677417,21.01659075,,
1171784-999-41,31,10,2024,50,7,29,3,4,2,0,5,0,0,0,0,0,0,1,0,0,0,0,0,0,1,1,2,5,7,34,0,0,0,0,0,0,0,0,0,0,0,0,3,74,,74,-89.6459824,21.07761859,,
1171784-999-45,31,10,2024,50,18,39,3,4,0,2,7,1,0,0,0,0,0,0,0,0,0,1,0,0,1,1,3,5,8,32,0,1,0,0,0,0,0,0,0,0,0,1,2,37,38,,-89.57517508,20.9325218,,
1171784-999-84,31,10,2024,50,5,20,12,6,1,0,4,1,0,0,0,0,0,0,0,0,0,0,0,0,1,1,2,4,7,20,0,1,0,0,0,0,0,0,0,0,0,1,2,22,13,,-89.55729811,21.04807472,,
1171784-999-86,31,10,2024,50,15,35,12,6,1,0,1,2,0,0,0,0,0,0,0,0,0,0,0,0,1,1,2,5,7,18,0,2,0,0,0,0,0,0,0,0,0,2,2,105,130,,-89.52899701,20.99310772,,
1171784-999-104,31,10,2024,50,13,35,15,2,1,0,4,0,0,0,0,0,0,0,0,1,0,0,0,0,3,1,2,5,7,32,0,0,0,0,0,0,0,0,0,0,0,0,3,14,31,,-89.65159394,21.10400862,,
1171784-999-105,31,10,2024,50,17,30,15,2,2,0,10,0,0,0,0,0,0,0,0,0,0,2,0,0,1,1,2,5,8,16,0,2,0,1,0,0,0,0,0,0,0,3,2,33,24,,-89.65608509,20.85951892,,
1171784-999-122,31,10,2024,50,3,55,18,5,0,2,4,1,0,0,0,0,0,0,0,0,0,0,0,0,1,1,3,5,8,52,0,1,0,0,0,0,0,0,0,0,0,1,2,CHABLEKAL - TEMOZÓN NORTE,,CHABLEKAL - TEMOZÓN NORTE,-89.58856597,21.07520404,,
1171784-999-129,31,10,2024,50,16,42,19,6,1,0,10,1,0,0,0,0,0,0,0,0,0,1,0,0,1,1,2,6,9,22,0,1,0,0,0,0,0,0,0,0,0,1,2,23,4,,-89.69528338,21.00934566,,
1171784-999-16,31,10,2024,50,5,35,20,7,0,2,8,1,0,0,0,0,0,0,0,0,0,0,0,0,1,1,1,6,9,0,0,0,0,0,0,0,0,0,0,0,0,0,3,DZOYAXCHÉ - MOLAS,,DZOYAXCHÉ - MOLAS,-89.60396215,20.80048542,,
1171784-999-151,31,10,2024,50,16,20,23,3,0,2,4,1,0,0,0,0,0,0,0,0,0,0,0,0,1,1,3,5,8,17,0,1,0,0,0,0,0,0,0,0,0,1,2,19,20,,-89.59094886,21.09816414,,
1171932-999-32,31,11,2024,50,2,32,3,7,2,0,4,1,0,0,0,0,0,0,0,0,0,0,0,0,1,1,2,5,8,22,0,1,0,0,0,0,0,0,0,0,0,1,2,26,JUAN PABLO II,26,-89.68385433,20.957916,,
1171932-999-4,31,11,2024,50,22,20,3,7,2,0,7,1,0,0,0,0,0,0,0,0,0,0,0,0,1,1,1,6,9,0,0,0,0,0,0,0,0,0,0,0,0,0,3,20 A,,,-89.66009689,20.83281918,,
1171932-999-43,31,11,2024,50,4,59,5,2,2,0,1,2,0,0,0,0,0,0,0,0,0,0,0,0,1,1,2,4,8,39,0,1,0,0,0,0,0,0,0,0,0,1,2,21,26,,-89.56113595,21.04329084,,
1171932-999-54,31,11,2024,50,1,25,8,5,0,2,4,1,0,0,0,0,0,0,0,0,0,0,0,0,1,1,2,5,8,25,0,0,0,0,0,0,0,0,0,0,0,0,3,PERIFÉRICO - CHALMUCH,,PERIFÉRICO - CHALMUCH,-89.70429473,20.97004282,,
1171932-999-62,31,11,2024,50,8,2,9,6,0,2,4,1,0,0,0,0,0,0,0,0,0,0,0,0,1,1,2,4,8,40,0,1,0,0,0,0,0,0,0,0,0,1,2,25,10,,-89.54852133,21.03827201,,
1171932-999-66,31,11,2024,50,13,9,9,6,2,0,4,0,0,0,0,0,0,0,1,0,0,0,0,0,1,1,2,5,7,35,0,0,0,0,0,0,0,0,0,0,0,0,3,18,,,-89.63509067,21.11869477,,
1171932-999-73,31,11,2024,50,20,26,10,7,2,0,6,0,0,0,1,0,0,0,0,0,0,1,0,0,1,1,2,5,8,67,0,1,0,1,0,0,0,0,0,0,0,2,2,LICENCIADO MANUEL BERZUNZA,22,,-89.56552277,20.96785466,,
1171932-999-9,31,11,2024,50,21,12,10,7,2,0,4,0,0,0,0,0,0,1,0,0,0,0,0,0,1,1,1,6,9,0,0,0,0,0,0,0,0,0,0,0,0,0,3,LICENCIADO MANUEL BERZUNZA,12,,-89.56448375,20.97501016,,
1171932-999-80,31,11,2024,50,21,45,11,1,2,0,10,1,0,0,0,0,0,0,0,0,0,1,0,0,1,1,2,5,8,22,0,0,0,0,0,0,0,0,0,0,0,0,3,50,253,,-89.62453667,20.85976778,,
1171932-999-100,31,11,2024,50,15,50,15,5,1,0,1,2,0,0,0,0,0,0,0,0,0,0,0,0,1,1,2,5,7,51,0,1,0,0,0,0,0,0,0,0,0,1,2,130,105,,-89.52883352,20.99311037,,
1171932-999-108,31,11,2024,50,14,20,16,6,0,2,4,1,0,0,0,0,0,0,0,0,0,0,0,0,1,1,2,5,8,41,0,1,0,0,0,0,0,0,0,0,0,1,2,E.C. MÉRIDA - PROGRESO - UNIMAYAB,,E.C. MÉRIDA - PROGRESO - UNIMAYAB,-89.63477023,21.10500323,,
1171932-999-115,31,11,2024,50,14,29,17,7,0,2,7,1,0,0,0,0,0,0,0,0,0,1,0,0,1,1,2,5,8,32,0,1,0,0,0,0,0,0,0,0,0,1,2,CHEUMÁN - SIERRA PAPACAL,,CHEUMÁN - SIERRA PAPACAL,-89.71575117,21.09665646,,
1171932-999-123,31,11,2024,50,9,2,19,2,1,0,1,0,1,0,0,0,0,1,0,0,0,0,0,0,1,1,3,5,7,29,0,0,0,0,0,0,0,0,0,0,0,0,3,130,105,,-89.52883352,20.99311037,,
1171932-999-146,31,11,2024,50,9,35,23,6,1,0,4,1,0,0,0,0,0,0,0,0,0,0,0,0,1,1,2,5,7,32,0,0,0,0,0,0,0,0,0,0,0,0,3,74,,74,-89.64597288,21.07749228,,
1171932-999-155,31,11,2024,50,2,30,25,1,0,2,4,1,0,0,0,0,0,0,0,0,0,0,0,0,1,1,2,4,8,30,0,1,0,0,0,0,0,0,0,0,0,1,2,MÉRIDA - TEKIK DE REGIL,,MÉRIDA - TEKIK DE REGIL,-89.59624527,20.87970801,,
1171932-999-15,31,11,2024,50,10,16,25,1,2,0,4,1,0,0,0,0,0,0,0,0,0,0,0,0,1,1,1,6,9,0,0,0,0,0,0,0,0,0,0,0,0,0,3,31,31,,-89.70814358,21.00579374,,
1171932-999-165,31,11,2024,50,1,0,27,3,0,2,7,1,0,0,0,0,0,0,0,0,0,1,0,0,1,1,2,5,8,50,0,1,0,0,0,0,0,0,0,0,0,1,2,XMATKUIL - E.C. TAHDZIBICHÉN - MOLAS,,XMATKUIL - E.C. TAHDZIBICHÉN - MOLAS,-89.59829935,20.86099601,,
1171932-999-172,31,11,2024,50,22,0,27,3,2,0,10,1,0,0,0,0,0,0,0,0,0,1,0,0,1,1,3,5,7,44,0,1,0,0,0,0,0,0,0,0,0,1,2,74,,74,-89.64598301,21.0775955,,
1171932-999-173,31,11,2024,50,1,36,28,4,2,0,1,1,1,0,0,0,0,0,0,0,0,0,0,0,1,1,3,4,7,37,0,0,0,0,0,0,0,0,0,0,0,0,3,50,50 C,,-89.62647429,20.87938729,,
1171932-999-20,31,11,2024,50,1,17,29,5,2,0,4,1,0,0,0,0,0,0,0,0,0,1,0,0,1,1,1,6,9,0,0,0,0,0,0,0,0,0,0,0,0,0,3,50,243,,-89.62484822,20.86469501,,
1171932-999-176,31,11,2024,50,4,13,29,5,2,0,4,1,0,0,0,0,0,0,0,0,0,0,0,0,1,1,2,4,7,37,0,0,0,0,0,0,0,0,0,0,0,0,3,22,21,,-89.55799328,21.04294616,,
1172073-999-37,31,12,2024,50,8,26,1,7,2,0,7,1,0,0,0,0,0,0,0,0,0,0,0,0,1,1,2,5,7,23,0,1,0,0,0,0,0,0,0,0,0,1,2,CHABLEKAL - TEMOZÓN NORTE,,,-89.59413452,21.06780797,,
1172073-999-62,31,12,2024,50,20,55,5,4,2,0,1,2,0,0,0,0,0,0,0,0,0,0,0,0,1,1,2,5,8,33,0,0,0,0,0,0,0,0,0,0,0,0,3,2,17,,-89.61385942,21.13233163,,
1172073-999-96,31,12,2024,50,15,38,12,4,1,0,4,0,0,0,0,0,0,0,1,0,0,0,0,0,3,1,2,5,7,32,0,0,0,0,0,0,0,0,0,0,0,0,3,10,13,,-89.5219882,21.02537784,,
1172073-999-104,31,12,2024,50,17,0,13,5,2,0,2,1,0,0,0,0,0,0,0,0,0,0,0,0,2,1,3,6,9,50,0,0,0,0,0,1,0,0,0,0,0,1,2,149,6,,-89.55888679,20.98176287,,
1172073-999-17,31,12,2024,50,1,10,18,3,2,0,1,1,1,0,0,0,0,0,0,0,0,0,0,0,1,1,1,6,9,0,0,0,0,0,0,0,0,0,0,0,0,0,3,149,04:00 a. m.,,-89.55495343,20.98180244,,
1172073-999-159,31,12,2024,50,16,45,22,7,0,2,4,0,0,0,0,0,0,1,0,0,0,0,0,0,1,1,2,5,8,54,0,1,0,0,0,0,0,0,0,0,0,1,2,20,,,-89.59555312,21.06487104,,
1172073-999-169,31,12,2024,50,19,40,24,2,2,0,4,0,1,0,0,0,0,0,0,0,0,0,0,0,1,1,3,5,7,37,0,0,0,0,0,0,0,0,0,0,0,0,3,149,,,-89.54658216,20.98180294,,
1172073-999-174,31,12,2024,50,13,0,25,3,2,0,4,1,0,0,0,0,0,0,0,0,0,0,0,0,1,1,3,4,7,31,0,1,0,0,0,0,0,0,0,0,0,1,2,22 DIAGONAL,22 DIAGONAL,,-89.55439643,21.05686773,,
1172073-999-175,31,12,2024,50,15,15,25,3,1,0,4,0,0,0,0,0,0,0,0,1,0,0,0,0,3,1,2,5,7,30,0,0,0,0,0,0,0,0,0,0,0,0,3,LICENCIADO MANUEL BERZUNZA,LICENCIADO MANUEL BERZUNZA,,-89.69163079,20.93037234,,
1172073-999-181,31,12,2024,50,16,34,26,4,2,0,4,0,0,0,0,0,0,0,1,0,0,0,0,0,1,1,2,5,7,36,0,0,0,0,0,0,0,0,0,0,0,0,3,LICENCIADO MANUEL BERZUNZA,,LICENCIADO MANUEL BERZUNZA,-89.69049239,20.92799778,,
1172073-999-185,31,12,2024,50,21,4,27,5,2,0,1,1,1,0,0,0,0,0,0,0,0,0,0,0,1,1,2,4,8,63,0,0,0,0,0,0,0,0,0,0,0,0,3,ARCO VIAL NORTE,23,,-89.69082185,21.00724281,,
