CVE_AGEB,ANIO,MES,periodo_dia,total_accidentes,total_muertos,total_heridos
0120,2024,2,Tarde,1,0,1
0120,2024,5,Madrugada,1,0,0
0120,2024,8,Mañana,1,0,1
0120,2024,9,Noche,1,0,1
0120,2024,10,Madrugada,1,0,1
0120,2024,11,Mañana,1,0,0
0120,2024,12,Madrugada,1,0,1
0169,2024,3,Noche,1,0,1
0169,2024,4,Mañana,1,0,0
0169,2024,5,Tarde,1,0,0
0169,2024,10,Madrugada,1,0,1
0169,2024,11,Madrugada,1,0,1
0169,2024,12,Madrugada,1,0,2
0188,2024,11,Tarde,2,0,1
0188,2024,12,Tarde,1,0,1
021A,2024,4,Madrugada,2,0,1
021A,2024,7,Madrugada,1,0,1
021A,2024,8,Mañana,1,0,0
021A,2024,9,Mañana,1,0,0
021A,2024,11,Noche,1,0,1
0224,2024,1,Mañana,1,0,0
0224,2024,1,Noche,1,0,1
0224,2024,1,Tarde,1,0,0
0224,2024,2,Tarde,1,0,1
0224,2024,3,Madrugada,1,0,0
0224,2024,3,Noche,2,0,1
0224,2024,4,Noche,1,0,0
0224,2024,7,Noche,1,0,0
0224,2024,7,Tarde,1,0,0
0224,2024,8,Madrugada,1,0,1
0224,2024,8,Noche,1,0,0
0224,2024,9,Madrugada,1,0,0
0224,2024,9,Noche,1,0,1
0224,2024,11,Madrugada,1,0,0
0224,2024,11,Mañana,1,0,0
0224,2024,11,Noche,1,0,1
0224,2024,12,Madrugada,1,0,1
0224,2024,12,Tarde,2,0,0
0262,2024,5,Mañana,1,0,1
0262,2024,6,Madrugada,1,0,0
0262,2024,8,Madrugada,1,0,1
0262,2024,8,Noche,1,0,1
0262,2024,11,Madrugada,1,0,1
0277,2024,1,Mañana,1,0,2
0277,2024,7,Noche,1,0,1
0281,2024,3,Madrugada,1,0,0
0281,2024,5,Madrugada,1,0,1
0281,2024,6,Madrugada,1,0,0
0281,2024,8,Tarde,1,0,1
0281,2024,10,Tarde,1,0,2
0281,2024,12,Madrugada,1,0,1
0296,2024,1,Noche,1,0,0
0296,2024,2,Madrugada,1,0,0
0296,2024,3,Tarde,1,0,2
0296,2024,5,Noche,1,0,2
0296,2024,6,Noche,1,0,3
0296,2024,6,Tarde,1,0,1
0296,2024,8,Tarde,1,0,3
0296,2024,9,Madrugada,1,0,1
0309,2024,2,Tarde,1,0,1
0309,2024,4,Mañana,1,0,0
0309,2024,5,Madrugada,1,0,1
0309,2024,5,Tarde,1,0,4
0309,2024,7,Mañana,1,0,1
0309,2024,9,Madrugada,1,0,0
0309,2024,9,Mañana,1,0,2
0309,2024,11,Tarde,1,0,1
0309,2024,12,Madrugada,1,0,1
0313,2024,3,Mañana,1,0,0
0313,2024,3,Noche,1,0,0
0313,2024,6,Mañana,1,0,1
0313,2024,9,Mañana,1,0,1
0313,2024,10,Mañana,1,0,1
0313,2024,11,Mañana,1,0,0
0313,2024,11,Noche,1,0,2
0328,2024,1,Madrugada,2,0,0
0328,2024,2,Madrugada,1,0,2
0328,2024,2,Mañana,1,0,0
0328,2024,3,Noche,1,0,2
0328,2024,5,Noche,1,0,0
0328,2024,6,Mañana,1,0,1
0328,2024,7,Noche,1,0,1
0328,2024,8,Madrugada,1,0,3
0328,2024,8,Tarde,1,0,2
0328,2024,9,Madrugada,1,0,2
0328,2024,11,Tarde,1,0,0
0332,2024,1,Mañana,1,0,2
0332,2024,2,Madrugada,1,0,0
0332,2024,2,Noche,1,0,0
0332,2024,3,Mañana,1,0,0
0332,2024,3,Tarde,1,0,1
0332,2024,4,Mañana,1,0,1
0332,2024,5,Tarde,1,0,0
0332,2024,6,Madrugada,1,0,1
0332,2024,6,Mañana,2,0,7
0332,2024,6,Noche,1,0,0
0332,2024,7,Noche,1,0,1
0332,2024,8,Tarde,1,0,1
0332,2024,9,Madrugada,2,0,1
0332,2024,9,Noche,1,0,0
0332,2024,9,Tarde,1,0,1
0332,2024,10,Mañana,1,0,1
0332,2024,11,Madrugada,1,0,1
0332,2024,11,Noche,1,0,0
0332,2024,11,Tarde,1,0,1
0347,2024,5,Tarde,2,0,1
0347,2024,10,Madrugada,1,0,0
0366,2024,1,Mañana,1,0,1
0366,2024,5,Mañana,1,0,0
0366,2024,8,Madrugada,1,0,1
0366,2024,9,Tarde,1,0,3
0366,2024,11,Noche,1,0,1
0366,2024,12,Mañana,1,0,1
039A,2024,4,Tarde,1,0,1
039A,2024,5,Noche,1,0,2
039A,2024,5,Tarde,1,0,1
039A,2024,6,Mañana,1,0,0
039A,2024,8,Madrugada,1,0,2
039A,2024,8,Noche,1,0,3
039A,2024,10,Tarde,1,0,0
0402,2024,4,Noche,1,0,1
0402,2024,5,Mañana,1,0,1
0402,2024,7,Madrugada,1,0,1
0402,2024,7,Mañana,1,0,0
0402,2024,8,Noche,1,0,2
0402,2024,11,Mañana,1,0,0
0402,2024,11,Noche,1,0,0
0421,2024,1,Madrugada,1,0,1
0421,2024,1,Noche,1,0,1
0421,2024,1,Tarde,1,0,0
0421,2024,6,Mañana,1,0,1
0421,2024,7,Madrugada,1,0,1
0421,2024,8,Tarde,1,0,1
0421,2024,10,Noche,1,0,3
0421,2024,11,Mañana,1,0,1
0421,2024,12,Mañana,1,0,4
0436,2024,4,Mañana,1,0,1
0436,2024,5,Madrugada,1,0,1
0436,2024,5,Tarde,1,0,1
0440,2024,4,Tarde,1,0,1
0455,2024,3,Noche,1,0,1
0455,2024,7,Madrugada,1,0,0
0455,2024,10,Madrugada,1,0,1
0474,2024,5,Mañana,1,0,2
0474,2024,7,Noche,1,0,1
0474,2024,11,Noche,2,0,4
0489,2024,4,Mañana,1,0,0
0489,2024,4,Tarde,2,0,7
0489,2024,5,Madrugada,1,0,0
0489,2024,6,Tarde,2,0,1
0489,2024,8,Madrugada,1,0,1
0489,2024,9,Madrugada,1,0,0
0489,2024,9,Mañana,1,0,1
0489,2024,10,Madrugada,1,0,0
0489,2024,10,Noche,1,0,0
0489,2024,10,Tarde,1,0,0
0489,2024,11,Noche,1,0,1
0489,2024,12,Madrugada,1,0,0
0493,2024,3,Noche,1,0,1
0493,2024,9,Mañana,1,0,0
0493,2024,9,Tarde,1,0,1
0493,2024,12,Madrugada,1,0,0
0506,2024,1,Tarde,1,0,1
0506,2024,9,Mañana,2,0,0
0506,2024,9,Tarde,1,0,1
0510,2024,3,Noche,1,0,1
0510,2024,3,Tarde,1,0,1
0510,2024,4,Madrugada,1,0,0
0510,2024,6,Tarde,1,0,1
0510,2024,9,Noche,3,0,1
0510,2024,9,Tarde,1,0,0
0510,2024,11,Mañana,1,0,0
0510,2024,11,Noche,1,0,2
0510,2024,12,Mañana,1,0,0
0525,2024,1,Tarde,1,0,1
0525,2024,2,Madrugada,1,0,0
0525,2024,2,Noche,1,0,2
0525,2024,2,Tarde,1,0,1
0525,2024,4,Tarde,1,0,2
0525,2024,5,Madrugada,1,0,0
0525,2024,5,Noche,2,0,3
0525,2024,7,Noche,1,0,5
0525,2024,8,Madrugada,1,0,1
0525,2024,8,Tarde,1,0,2
0525,2024,10,Tarde,1,0,3
0525,2024,11,Madrugada,1,0,4
0525,2024,12,Noche,1,0,2
0525,2024,12,Tarde,1,0,1
053A,2024,3,Tarde,1,0,1
053A,2024,4,Madrugada,2,0,1
053A,2024,7,Tarde,1,0,1
053A,2024,11,Madrugada,1,0,1
053A,2024,11,Noche,1,0,1
0544,2024,2,Noche,1,0,3
0544,2024,5,Mañana,1,0,0
0544,2024,5,Noche,1,0,0
0544,2024,10,Mañana,1,0,1
0563,2024,3,Noche,1,0,1
0563,2024,5,Tarde,1,0,0
0563,2024,6,Tarde,1,0,0
0563,2024,7,Mañana,1,0,2
0563,2024,8,Madrugada,1,0,0
0563,2024,9,Madrugada,1,0,0
0597,2024,1,Noche,1,0,0
0597,2024,2,Tarde,1,0,1
0597,2024,3,Mañana,1,0,1
0597,2024,6,Mañana,1,0,0
0597,2024,8,Noche,1,0,0
0597,2024,12,Madrugada,1,0,0
0597,2024,12,Tarde,2,0,0
060A,2024,2,Mañana,1,0,0
060A,2024,4,Tarde,1,0,0
060A,2024,6,Noche,1,0,0
060A,2024,6,Tarde,1,0,1
060A,2024,7,Tarde,1,0,0
060A,2024,9,Madrugada,1,0,0
060A,2024,9,Noche,1,0,0
060A,2024,12,Madrugada,1,0,1
0614,2024,1,Mañana,1,0,3
0614,2024,2,Noche,1,0,0
0614,2024,2,Tarde,1,0,0
0614,2024,3,Tarde,1,0,1
0614,2024,5,Noche,1,0,0
0614,2024,9,Tarde,2,0,1
0614,2024,12,Tarde,1,0,1
0629,2024,1,Tarde,1,0,2
0629,2024,3,Madrugada,1,0,0
0629,2024,4,Mañana,1,0,2
0629,2024,4,Tarde,1,0,0
0629,2024,6,Noche,1,0,1
0629,2024,7,Madrugada,1,0,1
0629,2024,9,Tarde,2,0,2
0629,2024,10,Madrugada,2,0,2
0629,2024,10,Mañana,2,0,0
0629,2024,10,Noche,1,0,3
0629,2024,11,Noche,1,0,1
0629,2024,12,Madrugada,1,0,3
0629,2024,12,Noche,1,0,1
0629,2024,12,Tarde,1,0,2
0633,2024,1,Madrugada,1,0,0
0633,2024,4,Tarde,1,0,1
0633,2024,8,Noche,1,0,2
0633,2024,9,Madrugada,1,0,0
0633,2024,11,Noche,1,0,0
0648,2024,3,Mañana,1,0,2
0648,2024,12,Noche,1,0,1
0652,2024,2,Noche,1,0,0
0652,2024,5,Noche,1,0,1
0652,2024,9,Madrugada,1,0,0
0667,2024,2,Mañana,1,0,1
0667,2024,7,Tarde,1,0,0
0667,2024,9,Noche,1,0,0
0671,2024,1,Noche,1,0,1
0671,2024,3,Madrugada,2,0,2
0671,2024,3,Mañana,1,0,1
0671,2024,3,Tarde,1,0,1
0671,2024,4,Madrugada,1,0,0
0671,2024,4,Noche,2,0,3
0671,2024,5,Madrugada,1,0,2
0671,2024,5,Noche,1,0,2
0671,2024,5,Tarde,1,0,0
0671,2024,7,Noche,2,0,4
0671,2024,7,Tarde,1,0,2
0671,2024,9,Madrugada,1,0,0
0671,2024,12,Madrugada,1,0,0
0718,2024,4,Madrugada,1,0,0
0718,2024,4,Mañana,1,0,0
0718,2024,5,Madrugada,1,0,2
0718,2024,5,Mañana,1,0,3
0718,2024,5,Tarde,1,0,1
0718,2024,6,Tarde,1,0,4
0718,2024,11,Madrugada,1,0,3
0718,2024,11,Noche,1,0,0
0718,2024,12,Madrugada,1,0,1
0718,2024,12,Mañana,2,0,2
0718,2024,12,Noche,1,0,0
0737,2024,2,Noche,1,0,1
0741,2024,2,Noche,1,0,0
0756,2024,4,Mañana,1,0,0
0756,2024,8,Madrugada,1,0,0
0756,2024,10,Madrugada,1,0,1
0756,2024,10,Noche,1,0,1
0756,2024,11,Madrugada,1,0,0
0756,2024,11,Noche,1,0,0
0756,2024,12,Noche,1,0,1
0760,2024,1,Noche,1,0,0
0760,2024,3,Noche,1,0,3
0760,2024,5,Noche,1,0,0
0760,2024,7,Tarde,1,0,0
0760,2024,8,Noche,1,0,0
078A,2024,1,Mañana,1,0,0
078A,2024,2,Mañana,1,0,1
078A,2024,5,Madrugada,1,0,1
078A,2024,5,Noche,1,0,0
078A,2024,5,Tarde,1,0,0
078A,2024,8,Mañana,1,0,3
078A,2024,8,Tarde,1,0,1
078A,2024,9,Noche,1,0,1
078A,2024,11,Mañana,1,0,2
078A,2024,12,Madrugada,1,0,0
078A,2024,12,Noche,1,0,1
0807,2024,3,Mañana,1,0,0
0807,2024,6,Noche,1,0,2
0807,2024,8,Tarde,1,0,1
0807,2024,9,Tarde,1,0,1
0807,2024,10,Madrugada,1,0,1
0826,2024,2,Tarde,1,0,2
0826,2024,3,Madrugada,1,0,2
0826,2024,3,Mañana,1,0,1
0826,2024,6,Madrugada,1,0,0
0826,2024,6,Noche,1,0,0
0826,2024,6,Tarde,1,0,2
0826,2024,7,Noche,1,0,4
0826,2024,8,Tarde,1,0,0
0826,2024,9,Noche,1,0,1
0826,2024,11,Noche,1,0,1
085A,2024,4,Tarde,1,0,0
085A,2024,5,Madrugada,1,0,0
085A,2024,11,Noche,1,0,1
0864,2024,7,Mañana,1,0,1
0879,2024,9,Madrugada,1,0,1
1345,2024,1,Madrugada,1,0,0
1345,2024,5,Noche,1,0,0
1345,2024,6,Madrugada,1,0,0
1345,2024,9,Madrugada,1,0,1
1345,2024,9,Noche,1,0,1
1345,2024,10,Noche,1,0,0
1453,2024,7,Noche,1,0,1
1453,2024,9,Madrugada,1,0,0
1468,2024,1,Noche,1,0,1
1468,2024,2,Madrugada,1,0,0
1468,2024,4,Tarde,1,0,1
1468,2024,7,Noche,1,0,0
1468,2024,9,Tarde,1,0,0
1468,2024,10,Mañana,1,0,1
1468,2024,10,Noche,1,0,1
1472,2024,2,Noche,1,0,1
1472,2024,7,Madrugada,1,0,0
1472,2024,9,Madrugada,1,0,0
1472,2024,9,Noche,1,0,0
1487,2024,7,Tarde,1,0,2
1504,2024,1,Madrugada,2,0,1
1504,2024,3,Noche,1,0,0
1504,2024,7,Tarde,1,0,1
1504,2024,10,Mañana,1,0,0
1523,2024,1,Noche,1,0,2
1523,2024,5,Mañana,1,0,1
1523,2024,6,Tarde,1,0,1
1523,2024,12,Noche,1,0,2
1542,2024,8,Noche,1,0,2
1557,2024,6,Noche,1,0,1
1557,2024,9,Madrugada,1,0,0
1557,2024,11,Tarde,1,0,2
1561,2024,1,Noche,1,0,1
1561,2024,1,Tarde,1,0,1
1561,2024,2,Noche,1,0,3
1561,2024,5,Tarde,1,0,1
1561,2024,6,Madrugada,1,0,1
1561,2024,6,Tarde,1,0,0
1561,2024,7,Madrugada,1,0,3
1561,2024,7,Noche,1,0,1
1561,2024,10,Mañana,1,0,0
1576,2024,1,Mañana,1,0,0
1576,2024,5,Madrugada,1,0,1
1576,2024,7,Mañana,1,0,0
1576,2024,8,Madrugada,2,0,2
1576,2024,10,Madrugada,1,0,1
1608,2024,3,Mañana,1,0,0
1631,2024,7,Madrugada,1,0,0
1665,2024,2,Mañana,1,0,1
1665,2024,6,Tarde,1,0,0
1665,2024,12,Madrugada,1,0,1
1684,2024,1,Noche,1,0,0
1699,2024,2,Mañana,1,0,1
1699,2024,2,Noche,1,0,2
1699,2024,5,Mañana,1,0,0
1699,2024,6,Madrugada,1,0,1
1699,2024,9,Noche,1,0,1
1699,2024,10,Madrugada,1,0,1
1773,2024,1,Madrugada,1,0,0
1773,2024,1,Noche,2,0,1
1773,2024,3,Mañana,1,0,1
1773,2024,4,Mañana,1,0,0
1773,2024,7,Madrugada,2,0,4
1773,2024,7,Noche,1,0,0
1805,2024,1,Noche,1,0,0
1805,2024,3,Noche,1,0,1
1805,2024,4,Noche,1,0,0
1805,2024,5,Tarde,1,0,0
1805,2024,8,Mañana,2,0,2
1805,2024,8,Noche,1,0,0
1805,2024,9,Noche,1,0,2
1805,2024,10,Mañana,1,0,1
1805,2024,10,Noche,2,0,2
1805,2024,11,Madrugada,1,0,0
1805,2024,12,Madrugada,1,0,0
181A,2024,1,Madrugada,1,0,1
181A,2024,3,Noche,2,0,2
181A,2024,5,Tarde,1,0,1
181A,2024,10,Mañana,1,0,3
1824,2024,3,Tarde,1,0,0
1824,2024,5,Madrugada,1,0,2
1824,2024,5,Noche,1,0,1
1824,2024,6,Mañana,1,0,0
1824,2024,9,Mañana,1,0,0
1824,2024,9,Noche,1,0,1
1824,2024,10,Noche,1,0,0
1843,2024,3,Madrugada,1,0,1
1843,2024,5,Madrugada,1,0,1
1843,2024,5,Noche,1,0,2
1843,2024,8,Madrugada,1,0,0
1843,2024,11,Noche,1,0,0
1858,2024,1,Madrugada,1,0,0
1858,2024,3,Noche,1,0,1
1858,2024,5,Madrugada,1,0,1
1858,2024,8,Mañana,1,0,1
1858,2024,10,Noche,1,0,2
1858,2024,11,Noche,1,0,0
1858,2024,12,Noche,1,0,3
1913,2024,4,Mañana,1,0,2
1913,2024,7,Mañana,1,0,0
1913,2024,8,Tarde,1,0,1
1913,2024,12,Madrugada,1,0,1
1913,2024,12,Tarde,1,0,0
199A,2024,2,Mañana,1,0,1
199A,2024,3,Noche,1,0,1
199A,2024,5,Madrugada,1,0,1
199A,2024,8,Madrugada,1,0,0
199A,2024,10,Noche,1,0,0
2080,2024,1,Madrugada,1,0,0
2080,2024,3,Noche,1,0,2
2080,2024,3,Tarde,1,0,2
2080,2024,9,Noche,1,0,1
2080,2024,10,Tarde,1,0,0
2201,2024,1,Mañana,1,0,1
2201,2024,4,Tarde,1,0,0
2201,2024,6,Madrugada,2,0,2
2201,2024,9,Noche,1,0,1
2201,2024,10,Mañana,1,0,1
2201,2024,10,Tarde,1,0,0
2201,2024,11,Noche,1,0,1
2216,2024,2,Noche,1,0,1
2216,2024,2,Tarde,1,0,0
2216,2024,5,Madrugada,1,0,0
2216,2024,7,Noche,1,0,0
2216,2024,8,Tarde,1,0,1
2216,2024,11,Tarde,1,0,1
2220,2024,9,Madrugada,1,0,2
2235,2024,1,Mañana,1,0,1
2235,2024,9,Noche,1,0,1
2235,2024,10,Madrugada,1,0,1
224A,2024,1,Noche,1,0,0
224A,2024,1,Tarde,1,0,1
224A,2024,2,Mañana,1,0,1
224A,2024,3,Madrugada,1,0,1
224A,2024,4,Tarde,1,0,2
224A,2024,5,Mañana,1,0,1
224A,2024,8,Noche,1,0,1
224A,2024,12,Noche,1,0,1
2254,2024,7,Tarde,1,0,1
2254,2024,8,Madrugada,1,0,1
2254,2024,8,Noche,1,0,2
2254,2024,10,Noche,1,0,2
2254,2024,12,Madrugada,1,0,1
2254,2024,12,Noche,1,0,1
2269,2024,1,Noche,1,0,3
2269,2024,2,Noche,1,0,1
2269,2024,4,Madrugada,1,0,0
2269,2024,5,Mañana,1,0,0
2273,2024,2,Madrugada,1,0,1
2273,2024,3,Tarde,1,0,1
2273,2024,9,Noche,1,0,1
2288,2024,2,Noche,2,0,3
2288,2024,4,Mañana,1,0,1
2288,2024,6,Noche,1,0,1
2288,2024,8,Mañana,1,0,0
2288,2024,11,Madrugada,1,0,1
2288,2024,12,Madrugada,1,0,0
2292,2024,1,Mañana,1,0,0
2292,2024,3,Noche,1,0,1
2292,2024,5,Noche,1,0,1
2292,2024,7,Noche,1,0,5
2292,2024,9,Noche,1,0,2
2292,2024,10,Noche,1,0,1
2292,2024,12,Madrugada,1,0,2
231A,2024,2,Tarde,1,0,1
231A,2024,4,Madrugada,1,0,1
231A,2024,4,Noche,1,0,2
231A,2024,10,Noche,1,0,1
231A,2024,12,Noche,1,0,0
2324,2024,5,Tarde,1,0,1
2324,2024,6,Madrugada,1,0,0
2324,2024,7,Mañana,1,0,1
2324,2024,9,Tarde,1,0,1
2324,2024,12,Madrugada,1,0,0
2339,2024,4,Mañana,1,0,1
2339,2024,5,Noche,1,0,1
2343,2024,4,Tarde,1,0,1
2343,2024,10,Mañana,1,0,1
2343,2024,10,Tarde,1,0,0
2343,2024,12,Madrugada,1,0,1
2358,2024,1,Madrugada,1,0,1
2358,2024,1,Noche,1,0,1
2358,2024,2,Tarde,1,0,0
2358,2024,3,Tarde,1,0,2
2358,2024,7,Tarde,1,0,0
2358,2024,11,Tarde,1,0,1
2358,2024,12,Tarde,1,0,2
2362,2024,1,Tarde,1,0,0
2362,2024,4,Noche,1,0,2
2362,2024,5,Noche,1,0,2
2362,2024,6,Mañana,1,0,3
2362,2024,7,Mañana,1,0,1
2362,2024,9,Madrugada,2,0,1
2362,2024,9,Noche,1,0,2
2362,2024,10,Mañana,2,0,3
2377,2024,2,Mañana,1,0,0
2377,2024,4,Tarde,1,0,1
2377,2024,12,Noche,1,0,0
2381,2024,1,Tarde,1,0,0
2381,2024,3,Mañana,1,0,1
2381,2024,4,Madrugada,1,0,0
2381,2024,4,Tarde,1,0,2
2381,2024,7,Mañana,1,0,1
2381,2024,7,Tarde,1,0,3
2381,2024,12,Tarde,1,0,2
2396,2024,2,Mañana,2,0,2
2396,2024,2,Tarde,2,0,0
2396,2024,3,Noche,1,0,0
2396,2024,7,Mañana,1,0,0
2396,2024,9,Noche,1,0,2
2396,2024,11,Madrugada,1,0,0
2396,2024,11,Noche,1,0,1
2409,2024,4,Noche,1,0,0
2409,2024,10,Tarde,1,0,1
2413,2024,2,Noche,1,0,0
2413,2024,4,Madrugada,1,0,1
2413,2024,4,Mañana,1,0,0
2413,2024,5,Madrugada,1,0,0
2413,2024,8,Tarde,1,0,1
2428,2024,4,Mañana,1,0,0
2428,2024,8,Noche,1,0,0
2428,2024,10,Noche,2,0,0
2428,2024,12,Madrugada,1,0,1
2428,2024,12,Noche,1,0,2
2428,2024,12,Tarde,1,0,1
2432,2024,1,Tarde,1,0,1
2432,2024,3,Madrugada,1,0,1
2447,2024,3,Noche,1,0,2
2447,2024,4,Noche,1,0,1
2447,2024,5,Madrugada,1,0,2
2447,2024,9,Madrugada,1,0,1
2447,2024,11,Mañana,1,0,0
2447,2024,12,Mañana,1,0,1
2447,2024,12,Tarde,1,0,0
2451,2024,2,Mañana,1,0,0
2451,2024,3,Noche,2,0,1
2451,2024,4,Madrugada,1,0,1
2451,2024,4,Tarde,1,0,0
2451,2024,7,Noche,1,0,0
2451,2024,10,Madrugada,1,0,0
2451,2024,11,Noche,1,0,0
2451,2024,12,Madrugada,2,0,2
2466,2024,1,Noche,1,0,0
2466,2024,2,Madrugada,1,0,0
2466,2024,2,Noche,1,0,2
2466,2024,6,Noche,1,0,1
2466,2024,8,Noche,1,0,0
2466,2024,9,Noche,1,0,2
2470,2024,1,Tarde,1,0,0
2470,2024,2,Mañana,2,0,4
2470,2024,4,Mañana,1,0,1
2470,2024,8,Mañana,1,0,1
249A,2024,2,Madrugada,1,0,0
249A,2024,2,Tarde,1,0,1
249A,2024,3,Madrugada,1,0,0
249A,2024,5,Madrugada,1,0,0
249A,2024,10,Mañana,1,0,0
249A,2024,11,Tarde,1,0,1
2502,2024,1,Madrugada,1,0,0
2502,2024,2,Madrugada,1,0,0
2502,2024,2,Tarde,1,0,2
2502,2024,3,Madrugada,1,0,1
2502,2024,3,Noche,1,0,1
2502,2024,7,Noche,1,0,0
2521,2024,3,Tarde,1,0,0
2521,2024,4,Madrugada,1,0,1
2521,2024,4,Mañana,1,0,0
2521,2024,6,Madrugada,1,0,0
2521,2024,6,Mañana,1,0,0
2521,2024,9,Tarde,1,0,2
2521,2024,10,Mañana,1,0,0
2521,2024,11,Mañana,1,0,0
2521,2024,12,Madrugada,1,0,0
2521,2024,12,Noche,1,0,1
2540,2024,5,Mañana,1,0,1
2540,2024,9,Mañana,1,0,0
2540,2024,9,Tarde,1,0,0
2540,2024,10,Madrugada,1,0,0
2540,2024,11,Mañana,1,0,1
2555,2024,9,Noche,1,0,0
2555,2024,10,Noche,1,0,1
2574,2024,11,Noche,1,0,0
2589,2024,1,Mañana,1,0,1
2589,2024,4,Mañana,1,0,0
2589,2024,9,Noche,1,0,2
2593,2024,1,Madrugada,1,0,1
2593,2024,2,Madrugada,1,0,0
2593,2024,2,Tarde,1,0,0
2593,2024,3,Noche,1,0,1
2593,2024,4,Noche,1,0,0
2593,2024,5,Noche,1,0,1
2593,2024,5,Tarde,2,0,0
2593,2024,6,Noche,1,0,2
2593,2024,7,Madrugada,1,0,1
2593,2024,7,Noche,1,0,0
2593,2024,8,Madrugada,1,0,1
2593,2024,9,Tarde,1,0,2
2593,2024,10,Madrugada,1,0,1
2593,2024,11,Madrugada,1,0,0
2593,2024,11,Mañana,1,0,1
2593,2024,12,Madrugada,1,0,0
2606,2024,4,Noche,1,0,1
2606,2024,5,Madrugada,1,0,2
2610,2024,1,Mañana,1,0,2
2610,2024,3,Madrugada,1,0,0
2610,2024,11,Madrugada,1,0,1
2625,2024,3,Noche,1,0,1
2625,2024,4,Mañana,1,0,0
2625,2024,5,Mañana,1,0,1
2625,2024,5,Tarde,1,0,1
2625,2024,6,Mañana,1,0,2
2625,2024,6,Tarde,1,0,2
2625,2024,7,Noche,1,0,0
2625,2024,8,Mañana,1,0,1
2625,2024,11,Noche,1,0,0
2625,2024,12,Tarde,2,0,1
263A,2024,1,Madrugada,1,0,2
263A,2024,2,Noche,2,0,2
263A,2024,3,Madrugada,1,0,0
263A,2024,4,Noche,1,0,1
263A,2024,5,Mañana,1,0,2
263A,2024,6,Mañana,1,0,0
263A,2024,10,Madrugada,1,0,0
263A,2024,12,Tarde,1,0,2
2644,2024,2,Tarde,1,0,1
2644,2024,4,Mañana,1,0,0
2644,2024,5,Tarde,1,0,1
2644,2024,6,Madrugada,1,0,0
2644,2024,10,Mañana,1,0,1
2663,2024,1,Madrugada,1,0,2
2663,2024,2,Noche,1,0,0
2663,2024,10,Noche,1,0,0
2663,2024,12,Noche,1,0,0
2678,2024,2,Tarde,1,0,1
2678,2024,3,Madrugada,1,0,1
2678,2024,4,Madrugada,1,0,0
2678,2024,5,Tarde,1,0,0
2678,2024,7,Madrugada,1,0,2
2678,2024,9,Noche,1,0,0
2682,2024,2,Mañana,1,0,0
2682,2024,6,Noche,1,0,2
2697,2024,1,Tarde,1,0,0
2697,2024,3,Madrugada,1,0,0
2697,2024,4,Mañana,2,0,4
2697,2024,9,Madrugada,1,0,1
270A,2024,1,Madrugada,1,0,0
270A,2024,1,Tarde,1,0,0
270A,2024,3,Mañana,1,0,1
270A,2024,4,Noche,1,0,1
270A,2024,4,Tarde,1,0,2
270A,2024,6,Tarde,1,0,2
270A,2024,7,Tarde,1,0,1
270A,2024,8,Madrugada,1,0,1
270A,2024,8,Noche,1,0,0
270A,2024,10,Noche,1,0,1
270A,2024,11,Noche,1,0,1
270A,2024,12,Mañana,1,0,3
2714,2024,1,Mañana,1,0,1
2729,2024,3,Noche,1,0,0
2729,2024,10,Madrugada,1,0,1
2733,2024,1,Tarde,1,0,7
2733,2024,3,Tarde,1,0,1
2733,2024,4,Madrugada,1,0,0
2733,2024,4,Tarde,1,0,1
2733,2024,6,Madrugada,1,0,2
2733,2024,7,Madrugada,1,0,1
2733,2024,7,Noche,1,0,3
2733,2024,12,Mañana,1,0,0
2733,2024,12,Noche,1,0,1
2748,2024,10,Mañana,1,0,0
2748,2024,10,Noche,1,0,0
2771,2024,12,Madrugada,1,0,1
2786,2024,5,Mañana,1,0,1
2786,2024,10,Tarde,1,0,1
2803,2024,4,Madrugada,1,0,1
2803,2024,4,Noche,1,0,1
2803,2024,12,Madrugada,1,0,0
2818,2024,2,Mañana,1,0,2
2818,2024,3,Tarde,1,0,1
2818,2024,4,Noche,2,0,0
2818,2024,5,Tarde,1,0,1
2818,2024,6,Noche,2,0,1
2818,2024,7,Madrugada,1,0,0
2818,2024,10,Madrugada,1,0,0
2818,2024,11,Madrugada,1,0,0
2822,2024,3,Noche,1,0,0
2822,2024,5,Noche,1,0,0
2822,2024,8,Madrugada,1,0,0
2837,2024,1,Madrugada,1,0,0
2837,2024,2,Noche,1,0,1
2837,2024,2,Tarde,1,0,1
2837,2024,3,Mañana,1,0,1
2837,2024,4,Tarde,1,0,0
2837,2024,6,Noche,1,0,0
2841,2024,7,Noche,1,0,0
2841,2024,10,Madrugada,1,0,2
2856,2024,1,Noche,1,0,0
2856,2024,2,Madrugada,1,0,3
2856,2024,3,Mañana,1,0,0
2856,2024,4,Noche,1,0,1
2856,2024,5,Tarde,1,0,0
2856,2024,8,Madrugada,1,0,3
2860,2024,5,Noche,1,0,0
2860,2024,7,Madrugada,1,0,1
2860,2024,10,Noche,1,0,0
2860,2024,11,Noche,1,0,0
2860,2024,12,Noche,1,0,1
2875,2024,3,Madrugada,1,0,1
2875,2024,3,Noche,1,0,2
2875,2024,4,Madrugada,1,0,0
2875,2024,5,Madrugada,1,0,2
2875,2024,7,Mañana,1,0,1
2875,2024,8,Noche,1,0,1
2875,2024,9,Mañana,1,0,1
2875,2024,12,Madrugada,1,0,1
288A,2024,5,Madrugada,1,0,0
288A,2024,6,Madrugada,1,0,2
288A,2024,6,Noche,1,0,0
2894,2024,4,Mañana,1,0,1
2907,2024,7,Tarde,1,0,0
2911,2024,3,Tarde,2,0,2
2911,2024,4,Noche,1,0,0
2911,2024,6,Madrugada,1,0,0
2911,2024,10,Noche,1,0,0
2926,2024,2,Mañana,1,0,0
2926,2024,2,Noche,1,0,0
2926,2024,3,Madrugada,1,0,0
2926,2024,4,Mañana,2,0,1
2926,2024,4,Noche,1,0,0
2926,2024,6,Noche,1,0,1
2930,2024,2,Noche,1,0,2
2930,2024,4,Mañana,1,0,0
2930,2024,6,Madrugada,1,0,1
2930,2024,9,Tarde,1,0,1
2930,2024,10,Madrugada,1,0,0
2930,2024,10,Noche,1,0,0
2945,2024,9,Tarde,1,0,1
295A,2024,3,Mañana,1,0,1
295A,2024,5,Noche,1,0,0
295A,2024,9,Tarde,1,0,1
295A,2024,11,Madrugada,1,0,0
2964,2024,3,Madrugada,2,0,3
2964,2024,4,Mañana,1,0,1
2964,2024,4,Tarde,1,0,0
2964,2024,5,Mañana,1,0,2
2964,2024,5,Noche,1,0,1
2964,2024,8,Mañana,1,0,2
2964,2024,9,Noche,1,0,1
2964,2024,10,Noche,1,0,3
2964,2024,11,Madrugada,1,0,0
2979,2024,1,Noche,1,0,1
2979,2024,2,Noche,1,0,1
2979,2024,3,Mañana,1,0,0
2979,2024,6,Madrugada,1,0,0
2979,2024,7,Noche,1,0,1
2979,2024,11,Noche,1,0,1
2983,2024,4,Mañana,1,0,1
2983,2024,6,Mañana,1,0,1
2983,2024,6,Noche,1,0,2
2983,2024,7,Mañana,2,0,2
2983,2024,7,Noche,1,0,1
2983,2024,8,Tarde,1,0,0
2998,2024,10,Madrugada,1,0,1
3002,2024,5,Tarde,1,0,1
3002,2024,6,Mañana,1,0,0
3002,2024,6,Tarde,1,0,2
3002,2024,7,Tarde,1,0,0
3002,2024,8,Madrugada,1,0,3
3002,2024,12,Tarde,1,0,2
3021,2024,1,Madrugada,1,0,0
3021,2024,2,Tarde,1,0,0
3021,2024,5,Tarde,2,0,4
3021,2024,6,Noche,1,0,1
3021,2024,7,Mañana,1,0,1
3021,2024,10,Noche,1,0,0
3021,2024,10,Tarde,1,0,1
3021,2024,11,Madrugada,1,0,0
3036,2024,1,Mañana,1,0,1
3036,2024,2,Mañana,1,0,0
3036,2024,7,Mañana,1,0,0
3036,2024,12,Noche,1,0,1
3040,2024,2,Madrugada,1,0,0
3040,2024,8,Tarde,1,0,0
306A,2024,2,Noche,1,0,2
306A,2024,3,Noche,1,0,2
306A,2024,4,Madrugada,1,0,0
306A,2024,4,Noche,1,0,3
306A,2024,7,Madrugada,1,0,1
306A,2024,8,Noche,1,0,0
306A,2024,12,Tarde,1,0,1
3074,2024,2,Noche,1,0,1
3074,2024,3,Tarde,1,0,1
3074,2024,6,Noche,1,0,1
3074,2024,7,Madrugada,1,0,1
3074,2024,7,Mañana,2,0,3
3074,2024,7,Noche,1,0,0
3074,2024,10,Noche,1,0,1
3074,2024,11,Noche,1,0,0
3074,2024,12,Madrugada,1,0,0
3074,2024,12,Mañana,1,0,0
3074,2024,12,Noche,1,0,2
3074,2024,12,Tarde,1,0,2
3089,2024,1,Noche,1,0,0
3089,2024,2,Noche,2,0,4
3089,2024,5,Madrugada,1,0,1
3089,2024,5,Noche,1,0,0
3089,2024,8,Tarde,1,0,0
3089,2024,9,Noche,1,0,0
3089,2024,10,Noche,1,0,2
3089,2024,10,Tarde,1,0,1
3089,2024,12,Tarde,1,0,2
3093,2024,1,Noche,1,0,1
3093,2024,4,Madrugada,1,0,2
3093,2024,4,Tarde,1,0,3
3093,2024,12,Madrugada,1,0,1
3106,2024,1,Noche,1,0,0
3106,2024,9,Tarde,1,0,0
3106,2024,10,Tarde,1,0,0
3110,2024,7,Mañana,1,0,0
3125,2024,1,Noche,1,0,1
3125,2024,2,Tarde,1,0,0
3125,2024,4,Tarde,1,0,1
3125,2024,8,Noche,1,0,1
3125,2024,10,Mañana,1,0,0
313A,2024,1,Tarde,1,0,2
313A,2024,6,Noche,1,0,0
3144,2024,1,Madrugada,1,0,1
3144,2024,3,Noche,1,0,1
3144,2024,5,Madrugada,1,0,0
3144,2024,6,Noche,1,0,1
3144,2024,7,Madrugada,1,0,2
3144,2024,7,Noche,2,0,3
3144,2024,12,Madrugada,1,0,1
3144,2024,12,Noche,1,0,2
3159,2024,7,Tarde,1,0,1
3163,2024,4,Noche,1,0,2
3163,2024,5,Madrugada,1,0,0
3163,2024,9,Madrugada,1,0,0
3178,2024,2,Madrugada,1,0,0
3182,2024,5,Mañana,1,0,0
3182,2024,10,Tarde,1,0,0
3197,2024,2,Tarde,1,0,1
3197,2024,3,Noche,1,0,1
3197,2024,4,Madrugada,1,0,1
3197,2024,6,Mañana,1,0,1
3197,2024,10,Tarde,1,0,1
3214,2024,2,Noche,1,0,0
3214,2024,4,Tarde,1,0,1
3214,2024,5,Noche,1,0,1
3214,2024,6,Noche,1,0,1
3214,2024,9,Mañana,1,0,1
3214,2024,10,Mañana,1,0,2
3214,2024,11,Mañana,1,0,1
3233,2024,6,Noche,2,0,1
3233,2024,7,Noche,1,0,1
3233,2024,8,Mañana,1,0,0
3233,2024,12,Tarde,1,0,0
3248,2024,2,Noche,1,0,0
3248,2024,9,Mañana,1,0,1
3248,2024,10,Madrugada,1,0,1
3248,2024,11,Tarde,1,0,1
3248,2024,12,Tarde,1,0,1
3267,2024,1,Mañana,1,0,0
3267,2024,1,Tarde,2,0,2
3267,2024,4,Madrugada,1,0,1
3267,2024,8,Mañana,1,0,1
3267,2024,9,Noche,2,0,1
3267,2024,12,Madrugada,1,0,0
3267,2024,12,Mañana,1,0,1
3271,2024,1,Mañana,1,0,0
3271,2024,1,Noche,1,0,1
3271,2024,5,Noche,1,0,0
3271,2024,6,Madrugada,1,0,1
3271,2024,12,Tarde,1,0,1
3286,2024,9,Madrugada,1,0,1
3290,2024,5,Noche,1,0,3
3290,2024,7,Madrugada,1,0,5
3290,2024,8,Tarde,1,0,0
3290,2024,11,Tarde,1,0,2
3290,2024,12,Mañana,1,0,1
3303,2024,8,Mañana,1,0,1
3303,2024,9,Noche,1,0,2
3303,2024,10,Noche,1,0,1
3303,2024,11,Madrugada,1,0,0
3303,2024,12,Madrugada,1,0,0
3341,2024,2,Mañana,1,0,1
3341,2024,9,Noche,1,0,0
3356,2024,2,Mañana,1,0,1
3356,2024,3,Noche,1,0,0
3360,2024,1,Madrugada,1,0,0
3360,2024,4,Tarde,1,0,1
338A,2024,2,Mañana,1,0,0
338A,2024,8,Noche,1,0,5
3394,2024,9,Tarde,1,0,2
3394,2024,10,Tarde,1,0,0
3407,2024,9,Noche,1,0,1
3411,2024,1,Madrugada,1,0,1
3411,2024,2,Noche,1,0,1
3411,2024,10,Tarde,1,0,0
3411,2024,11,Tarde,1,0,2
3426,2024,9,Tarde,1,0,1
3426,2024,10,Madrugada,1,0,0
3445,2024,1,Tarde,1,0,0
3445,2024,2,Mañana,1,0,0
3445,2024,2,Noche,1,0,0
3445,2024,3,Mañana,1,0,0
3445,2024,3,Noche,1,0,0
3445,2024,4,Madrugada,1,0,1
3445,2024,5,Madrugada,2,0,2
3445,2024,5,Mañana,1,0,1
3445,2024,5,Tarde,2,0,6
3445,2024,6,Madrugada,2,0,0
3445,2024,6,Mañana,1,0,0
3445,2024,7,Noche,2,0,1
3445,2024,8,Mañana,2,0,2
3445,2024,8,Noche,2,0,1
3445,2024,9,Mañana,1,0,1
3445,2024,9,Noche,1,0,0
3445,2024,9,Tarde,1,0,1
3445,2024,10,Madrugada,1,0,1
3445,2024,10,Mañana,1,0,0
3445,2024,10,Noche,2,0,0
3445,2024,10,Tarde,2,0,2
3445,2024,11,Madrugada,1,0,1
3445,2024,11,Mañana,1,0,2
3445,2024,12,Mañana,1,0,1
3445,2024,12,Tarde,1,0,1
345A,2024,2,Mañana,1,0,2
345A,2024,6,Noche,1,0,1
345A,2024,9,Noche,1,0,0
345A,2024,10,Madrugada,1,0,0
3483,2024,1,Mañana,1,0,1
3500,2024,1,Mañana,1,0,0
3500,2024,4,Noche,1,0,2
3500,2024,5,Madrugada,1,0,0
3500,2024,5,Mañana,1,0,1
3500,2024,5,Noche,1,0,0
3500,2024,6,Madrugada,2,0,2
3500,2024,6,Noche,1,0,2
3500,2024,9,Madrugada,1,0,3
3500,2024,9,Noche,1,0,1
3500,2024,12,Noche,1,0,2
3515,2024,2,Noche,1,0,1
3515,2024,7,Mañana,1,0,1
3515,2024,9,Mañana,2,0,2
3549,2024,5,Madrugada,1,0,0
3549,2024,10,Noche,1,0,0
3572,2024,4,Madrugada,1,0,1
3572,2024,6,Noche,1,0,0
3572,2024,8,Madrugada,1,0,1
3572,2024,10,Noche,1,0,0
3572,2024,12,Madrugada,1,0,0
3572,2024,12,Tarde,1,0,0
3591,2024,2,Tarde,1,0,0
3591,2024,4,Noche,1,0,2
3591,2024,8,Mañana,1,0,2
3591,2024,9,Noche,1,0,1
3604,2024,2,Tarde,1,0,1
3619,2024,5,Noche,1,0,0
3619,2024,10,Noche,1,0,4
3657,2024,1,Mañana,2,0,1
3657,2024,2,Madrugada,1,0,1
3657,2024,2,Tarde,1,0,1
3657,2024,3,Noche,1,0,0
3657,2024,7,Tarde,1,0,0
3657,2024,12,Noche,1,0,1
3676,2024,4,Noche,1,0,3
3676,2024,6,Noche,1,0,0
3695,2024,3,Tarde,1,0,3
3695,2024,5,Noche,1,0,1
3695,2024,5,Tarde,1,0,0
3695,2024,6,Mañana,1,0,0
3695,2024,7,Madrugada,1,0,2
3695,2024,7,Noche,1,0,1
3695,2024,8,Mañana,2,0,3
3695,2024,9,Mañana,1,0,0
3695,2024,10,Madrugada,1,0,0
3695,2024,10,Mañana,1,0,1
3695,2024,11,Tarde,1,0,1
3708,2024,1,Mañana,1,0,1
3708,2024,2,Noche,1,0,1
3708,2024,7,Tarde,1,0,1
3708,2024,8,Madrugada,1,0,0
3708,2024,9,Tarde,1,0,3
3708,2024,10,Tarde,1,0,0
3708,2024,12,Mañana,1,0,0
3708,2024,12,Tarde,1,0,1
3712,2024,2,Madrugada,1,0,1
3712,2024,2,Tarde,1,0,0
3712,2024,3,Noche,1,0,0
3712,2024,4,Madrugada,1,0,0
3712,2024,4,Mañana,1,0,0
3712,2024,5,Tarde,1,0,0
3712,2024,6,Madrugada,1,0,2
3727,2024,9,Noche,1,0,1
3746,2024,5,Mañana,1,0,1
3746,2024,6,Tarde,1,0,1
3746,2024,11,Mañana,1,0,1
3765,2024,1,Madrugada,1,0,1
3765,2024,1,Mañana,1,0,0
3765,2024,12,Noche,1,0,1
377A,2024,1,Madrugada,1,0,0
377A,2024,2,Noche,2,0,1
377A,2024,2,Tarde,1,0,2
377A,2024,3,Madrugada,1,0,0
377A,2024,3,Noche,1,0,0
377A,2024,5,Mañana,1,0,1
377A,2024,6,Tarde,1,0,0
377A,2024,7,Mañana,1,0,0
377A,2024,8,Noche,1,0,1
377A,2024,9,Noche,1,0,1
377A,2024,10,Noche,1,0,1
3784,2024,1,Noche,1,0,0
3784,2024,3,Mañana,1,0,0
3784,2024,4,Noche,1,0,2
3784,2024,5,Mañana,1,0,1
3784,2024,6,Noche,1,0,1
3784,2024,7,Mañana,1,0,2
3784,2024,8,Tarde,1,0,3
3784,2024,11,Madrugada,1,0,2
3799,2024,4,Noche,1,0,1
3799,2024,6,Noche,1,0,0
3799,2024,7,Noche,1,0,0
3799,2024,8,Mañana,1,0,1
3799,2024,9,Noche,1,0,0
3799,2024,10,Mañana,1,0,3
3799,2024,10,Noche,1,0,0
3799,2024,12,Noche,1,0,1
3801,2024,2,Noche,1,0,1
3801,2024,4,Mañana,1,0,1
3801,2024,7,Noche,1,0,0
3801,2024,8,Madrugada,1,0,1
3801,2024,12,Noche,1,0,0
384A,2024,1,Noche,1,0,1
384A,2024,3,Tarde,1,0,1
384A,2024,7,Madrugada,1,0,0
384A,2024,11,Mañana,1,0,1
3854,2024,1,Tarde,1,0,1
3854,2024,2,Noche,1,0,0
3854,2024,4,Mañana,1,0,1
3854,2024,7,Madrugada,1,0,1
3873,2024,5,Mañana,1,0,2
3873,2024,8,Tarde,1,0,1
3905,2024,9,Mañana,1,0,0
3905,2024,10,Tarde,1,0,2
3905,2024,11,Noche,1,0,1
3905,2024,11,Tarde,1,0,1
391A,2024,2,Mañana,1,0,0
391A,2024,9,Madrugada,1,0,0
3943,2024,1,Madrugada,1,0,0
3943,2024,4,Noche,1,0,2
3943,2024,6,Madrugada,1,0,0
3943,2024,6,Noche,1,0,1
3943,2024,8,Noche,1,0,5
3943,2024,10,Noche,1,0,1
3943,2024,11,Noche,2,0,2
3943,2024,12,Madrugada,1,0,0
3943,2024,12,Mañana,1,0,1
3958,2024,1,Noche,1,0,0
3958,2024,2,Noche,1,0,1
3962,2024,2,Tarde,1,0,2
3962,2024,4,Tarde,1,0,0
3962,2024,7,Tarde,1,0,0
3977,2024,4,Mañana,1,0,1
3977,2024,4,Tarde,1,0,0
3977,2024,12,Mañana,1,0,2
3977,2024,12,Tarde,1,0,1
3981,2024,6,Madrugada,1,0,0
3981,2024,9,Mañana,1,0,1
3996,2024,2,Madrugada,1,0,2
3996,2024,5,Madrugada,1,0,1
3996,2024,8,Mañana,1,0,1
3996,2024,9,Madrugada,1,0,1
3996,2024,12,Madrugada,1,0,1
4000,2024,1,Madrugada,1,0,0
4000,2024,2,Tarde,1,0,1
4015,2024,4,Mañana,1,0,1
4015,2024,5,Madrugada,1,0,0
402A,2024,3,Noche,2,0,3
402A,2024,3,Tarde,1,0,1
402A,2024,5,Tarde,1,0,0
402A,2024,6,Madrugada,1,0,1
402A,2024,9,Mañana,1,0,1
4034,2024,3,Madrugada,1,0,1
4034,2024,5,Madrugada,1,0,0
4034,2024,8,Madrugada,2,0,2
4049,2024,3,Noche,1,0,1
4049,2024,10,Madrugada,1,0,0
4049,2024,10,Noche,1,0,0
4049,2024,12,Mañana,1,0,0
4068,2024,2,Tarde,1,0,1
4068,2024,3,Noche,1,0,1
4072,2024,2,Tarde,1,0,1
4072,2024,3,Tarde,1,0,0
4087,2024,2,Tarde,1,0,1
4087,2024,3,Noche,1,0,0
4087,2024,7,Madrugada,1,0,0
4091,2024,5,Noche,1,0,1
4091,2024,6,Noche,1,0,0
4091,2024,7,Madrugada,1,0,2
4091,2024,7,Noche,1,0,0
4091,2024,9,Noche,1,0,0
4091,2024,11,Noche,2,0,2
4104,2024,2,Mañana,1,0,2
4104,2024,3,Noche,1,0,4
4104,2024,5,Mañana,1,0,1
4104,2024,7,Madrugada,1,0,1
4119,2024,1,Mañana,1,0,1
4119,2024,2,Noche,1,0,1
4119,2024,11,Madrugada,1,0,1
4123,2024,10,Madrugada,1,0,0
4123,2024,11,Noche,1,0,0
4138,2024,3,Madrugada,1,0,1
4138,2024,8,Mañana,1,0,2
4138,2024,8,Noche,1,0,2
4138,2024,10,Madrugada,1,0,0
4138,2024,12,Mañana,1,0,1
4138,2024,12,Tarde,1,0,0
4157,2024,3,Mañana,1,0,0
4157,2024,7,Madrugada,1,0,0
4161,2024,1,Noche,1,0,0
4161,2024,1,Tarde,1,0,1
4161,2024,3,Madrugada,2,0,0
4161,2024,4,Tarde,1,0,2
4161,2024,5,Noche,1,0,1
4161,2024,6,Mañana,2,0,2
4161,2024,6,Noche,1,0,0
4161,2024,6,Tarde,1,0,1
4176,2024,1,Noche,1,0,1
4176,2024,3,Mañana,1,0,2
4176,2024,6,Tarde,1,0,1
4176,2024,7,Madrugada,1,0,0
4176,2024,11,Noche,1,0,0
4180,2024,9,Madrugada,1,0,1
4180,2024,9,Noche,1,0,0
4180,2024,10,Tarde,1,0,1
4180,2024,11,Tarde,1,0,0
4195,2024,8,Madrugada,1,0,0
4195,2024,10,Madrugada,1,0,0
4208,2024,3,Noche,1,0,2
4208,2024,4,Noche,1,0,1
4208,2024,5,Madrugada,1,0,1
4208,2024,10,Madrugada,1,0,1
4208,2024,11,Noche,1,0,1
4208,2024,11,Tarde,1,0,1
4212,2024,3,Mañana,1,0,1
4212,2024,8,Mañana,1,0,0
4212,2024,8,Tarde,1,0,4
4212,2024,10,Noche,1,0,0
4212,2024,11,Madrugada,1,0,0
4227,2024,3,Madrugada,1,0,2
4227,2024,5,Tarde,1,0,2
4231,2024,4,Noche,1,0,2
4231,2024,5,Tarde,1,0,2
4231,2024,12,Mañana,1,0,1
4250,2024,7,Madrugada,1,0,0
4250,2024,7,Noche,1,0,0
4250,2024,9,Noche,1,0,2
4265,2024,4,Noche,1,0,0
427A,2024,12,Madrugada,1,0,1
4284,2024,3,Noche,1,0,0
4284,2024,7,Noche,1,0,0
4284,2024,9,Mañana,1,0,0
4299,2024,9,Tarde,1,0,1
4335,2024,11,Madrugada,1,0,1
4335,2024,12,Noche,1,0,1
4354,2024,4,Tarde,1,0,1
4477,2024,1,Mañana,1,0,1
4477,2024,2,Madrugada,1,0,1
4477,2024,4,Mañana,1,0,1
4477,2024,4,Noche,1,0,1
4477,2024,5,Madrugada,1,0,0
4477,2024,6,Noche,1,0,0
4477,2024,7,Madrugada,1,0,1
4477,2024,10,Mañana,1,0,3
4481,2024,3,Noche,1,0,1
4481,2024,4,Noche,1,0,0
4481,2024,8,Madrugada,1,0,1
4496,2024,1,Madrugada,1,0,2
4496,2024,3,Tarde,1,0,0
4496,2024,10,Noche,2,0,3
4509,2024,1,Madrugada,1,0,0
4513,2024,5,Tarde,1,0,1
4513,2024,11,Madrugada,1,0,1
4532,2024,1,Noche,1,0,1
4566,2024,1,Madrugada,1,0,5
4566,2024,2,Noche,2,0,3
4566,2024,2,Tarde,1,0,0
4566,2024,6,Madrugada,1,0,0
4566,2024,6,Noche,1,0,0
4566,2024,6,Tarde,1,0,1
4566,2024,7,Noche,1,0,0
4566,2024,8,Madrugada,1,0,1
4566,2024,8,Mañana,1,0,1
4566,2024,9,Mañana,1,0,3
4566,2024,9,Noche,1,0,1
4566,2024,9,Tarde,2,0,2
4566,2024,11,Noche,1,0,0
4566,2024,12,Noche,1,0,0
4566,2024,12,Tarde,1,0,1
4570,2024,1,Mañana,1,0,0
4570,2024,3,Tarde,1,0,1
4570,2024,8,Mañana,1,0,0
4570,2024,12,Tarde,1,0,0
4602,2024,2,Madrugada,2,0,0
4602,2024,2,Mañana,1,0,1
4602,2024,2,Tarde,2,0,2
4602,2024,3,Madrugada,1,0,1
4602,2024,5,Mañana,1,0,2
4602,2024,5,Tarde,1,0,2
4602,2024,7,Mañana,1,0,2
4602,2024,7,Tarde,1,0,3
4602,2024,8,Mañana,1,0,0
4602,2024,8,Tarde,1,0,2
4602,2024,11,Tarde,1,0,1
4617,2024,9,Noche,1,0,2
4617,2024,11,Tarde,1,0,1
4636,2024,11,Tarde,1,0,1
4640,2024,1,Mañana,1,0,0
4640,2024,4,Noche,1,0,0
4640,2024,5,Noche,1,0,2
4640,2024,7,Mañana,2,0,3
466A,2024,1,Madrugada,1,0,1
466A,2024,1,Noche,1,0,1
466A,2024,1,Tarde,1,0,0
466A,2024,5,Noche,1,0,1
466A,2024,6,Noche,1,0,0
466A,2024,8,Tarde,1,0,0
466A,2024,9,Mañana,1,0,0
466A,2024,11,Noche,1,0,0
4689,2024,1,Mañana,1,0,3
4689,2024,6,Noche,1,0,2
4693,2024,2,Noche,1,0,0
4693,2024,4,Tarde,1,0,1
4693,2024,7,Noche,2,0,4
4693,2024,8,Madrugada,1,0,0
4693,2024,10,Madrugada,1,0,1
4706,2024,1,Mañana,1,0,1
4706,2024,1,Noche,1,0,1
4706,2024,10,Tarde,1,0,0
4706,2024,12,Madrugada,1,0,1
4706,2024,12,Mañana,1,0,1
4710,2024,5,Tarde,1,0,3
4710,2024,8,Noche,1,0,3
4725,2024,3,Tarde,1,0,0
4725,2024,6,Noche,1,0,2
4725,2024,8,Noche,1,0,1
4725,2024,10,Madrugada,1,0,0
4725,2024,10,Mañana,1,0,0
473A,2024,2,Tarde,1,0,1
473A,2024,5,Tarde,1,0,1
473A,2024,6,Madrugada,1,0,1
473A,2024,8,Tarde,1,0,1
473A,2024,11,Tarde,1,0,0
473A,2024,12,Mañana,1,0,1
4759,2024,11,Noche,1,0,1
4763,2024,4,Madrugada,1,0,1
4778,2024,4,Madrugada,1,0,0
4814,2024,9,Noche,1,0,0
4833,2024,2,Madrugada,1,0,0
4833,2024,3,Madrugada,1,0,0
4833,2024,5,Tarde,1,0,0
4833,2024,9,Tarde,2,0,1
4848,2024,1,Noche,1,0,1
4848,2024,1,Tarde,1,0,0
4848,2024,4,Mañana,1,0,2
4848,2024,4,Tarde,1,0,1
4848,2024,5,Noche,1,0,2
4848,2024,11,Noche,1,0,0
4848,2024,12,Tarde,1,0,0
4852,2024,2,Mañana,1,0,1
4852,2024,4,Noche,1,0,0
4852,2024,5,Noche,1,0,1
4852,2024,10,Noche,1,0,0
4867,2024,3,Tarde,1,0,0
4867,2024,5,Noche,1,0,1
4867,2024,6,Noche,1,0,0
4871,2024,2,Madrugada,1,0,2
4871,2024,2,Noche,1,0,0
4871,2024,3,Tarde,1,0,2
4871,2024,7,Madrugada,1,0,1
4871,2024,7,Tarde,1,0,0
4871,2024,9,Noche,1,0,0
4871,2024,10,Noche,1,0,2
4871,2024,12,Madrugada,1,0,1
4886,2024,3,Madrugada,1,0,0
4886,2024,8,Madrugada,1,0,1
4886,2024,11,Madrugada,1,0,0
4890,2024,1,Noche,2,0,4
4890,2024,3,Mañana,1,0,0
4890,2024,6,Noche,1,0,0
4890,2024,10,Tarde,1,0,1
4890,2024,12,Madrugada,1,0,1
4903,2024,2,Mañana,2,0,0
4903,2024,2,Tarde,1,0,1
4903,2024,5,Noche,1,0,1
4903,2024,7,Madrugada,1,0,0
4903,2024,7,Noche,1,0,0
4903,2024,12,Noche,1,0,1
4937,2024,3,Mañana,1,0,1
4937,2024,5,Mañana,2,0,1
4937,2024,6,Mañana,1,0,0
4937,2024,7,Mañana,1,0,5
4937,2024,8,Mañana,1,0,1
4937,2024,10,Tarde,1,0,2
4937,2024,12,Madrugada,1,0,2
4960,2024,7,Mañana,1,0,0
4975,2024,3,Tarde,1,0,0
4975,2024,5,Noche,2,0,0
4975,2024,7,Noche,1,0,1
4975,2024,8,Madrugada,1,0,3
4975,2024,12,Madrugada,1,0,0
498A,2024,6,Mañana,1,0,0
4994,2024,5,Noche,1,0,1
4994,2024,11,Mañana,1,0,0
5009,2024,3,Noche,1,0,0
5009,2024,5,Tarde,1,0,1
5009,2024,6,Tarde,1,0,1
5009,2024,8,Noche,1,0,0
5013,2024,3,Mañana,1,0,0
5013,2024,3,Noche,1,0,2
5013,2024,4,Noche,1,0,1
5013,2024,4,Tarde,1,0,0
5013,2024,11,Madrugada,1,0,1
5013,2024,11,Mañana,1,0,0
5028,2024,1,Tarde,1,0,2
5028,2024,2,Madrugada,1,0,0
5028,2024,10,Noche,1,0,3
5047,2024,3,Madrugada,1,0,0
5047,2024,3,Noche,1,0,0
5047,2024,4,Mañana,1,0,0
5047,2024,4,Noche,1,0,2
5047,2024,5,Noche,1,0,0
5047,2024,6,Noche,1,0,1
5047,2024,7,Tarde,2,0,4
5047,2024,9,Madrugada,1,0,1
5047,2024,9,Mañana,2,0,1
5047,2024,10,Noche,1,0,0
5047,2024,10,Tarde,1,0,2
5047,2024,12,Noche,1,0,3
5066,2024,8,Noche,1,0,2
5066,2024,12,Mañana,1,0,0
5070,2024,1,Noche,1,0,2
5070,2024,3,Noche,1,0,0
5070,2024,5,Mañana,1,0,1
5070,2024,7,Noche,1,0,0
5070,2024,8,Tarde,1,0,1
5085,2024,4,Noche,1,0,2
5085,2024,11,Mañana,1,0,1
509A,2024,3,Madrugada,1,0,0
509A,2024,3,Tarde,1,0,1
509A,2024,4,Mañana,1,0,2
509A,2024,4,Noche,1,0,3
509A,2024,5,Mañana,1,0,0
509A,2024,6,Noche,1,0,0
509A,2024,10,Madrugada,1,0,2
5102,2024,2,Madrugada,1,0,0
5117,2024,4,Mañana,1,0,1
5117,2024,7,Tarde,1,0,1
5117,2024,8,Madrugada,1,0,2
5117,2024,10,Noche,1,0,1
5117,2024,12,Madrugada,1,0,1
5121,2024,3,Mañana,1,0,1
5121,2024,5,Tarde,1,0,0
5121,2024,11,Noche,1,0,2
5136,2024,1,Mañana,1,0,1
5136,2024,7,Mañana,1,0,1
5136,2024,8,Noche,1,0,2
5136,2024,10,Tarde,1,0,2
5136,2024,11,Mañana,1,0,1
5136,2024,12,Mañana,1,0,1
5140,2024,2,Madrugada,1,0,0
5140,2024,2,Noche,1,0,1
5140,2024,10,Madrugada,1,0,0
5140,2024,10,Noche,1,0,0
5140,2024,10,Tarde,1,0,1
5140,2024,12,Madrugada,1,0,0
5140,2024,12,Noche,1,0,1
5155,2024,5,Noche,1,0,1
5155,2024,7,Mañana,1,0,0
5155,2024,11,Mañana,1,0,0
516A,2024,2,Tarde,1,0,1
516A,2024,5,Madrugada,1,0,1
516A,2024,8,Madrugada,1,0,2
516A,2024,8,Mañana,1,0,0
516A,2024,12,Noche,1,0,1
516A,2024,12,Tarde,1,0,0
5174,2024,2,Mañana,1,0,0
5174,2024,7,Madrugada,1,0,0
5174,2024,8,Noche,1,0,0
5189,2024,4,Mañana,1,0,0
5189,2024,8,Mañana,1,0,0
5189,2024,8,Tarde,1,0,2
5189,2024,11,Mañana,1,0,0
5210,2024,3,Mañana,1,0,0
5210,2024,5,Mañana,1,0,3
5210,2024,5,Noche,2,0,3
5210,2024,8,Mañana,1,0,4
5210,2024,9,Madrugada,1,0,2
5210,2024,11,Noche,1,0,2
5210,2024,12,Tarde,1,0,1
5225,2024,1,Mañana,1,0,0
5225,2024,4,Noche,1,0,0
5225,2024,8,Noche,1,0,1
5225,2024,9,Mañana,1,0,0
5225,2024,10,Noche,1,0,1
5225,2024,11,Madrugada,1,0,0
523A,2024,3,Madrugada,1,0,0
523A,2024,3,Noche,1,0,0
523A,2024,9,Mañana,1,0,2
523A,2024,11,Noche,1,0,0
5244,2024,3,Noche,1,0,0
5244,2024,6,Madrugada,1,0,1
5244,2024,10,Tarde,1,0,1
5259,2024,3,Mañana,1,0,1
5259,2024,4,Tarde,1,0,0
5259,2024,5,Noche,1,0,0
5259,2024,6,Madrugada,1,0,0
5259,2024,10,Mañana,1,0,1
5259,2024,10,Tarde,1,0,1
5259,2024,11,Madrugada,1,0,0
5259,2024,11,Noche,1,0,2
5263,2024,4,Tarde,1,0,1
5263,2024,5,Mañana,1,0,0
5263,2024,6,Madrugada,1,0,0
5263,2024,7,Tarde,1,0,1
5263,2024,9,Mañana,1,0,0
5263,2024,12,Noche,1,0,3
5282,2024,1,Noche,1,0,2
5282,2024,5,Noche,1,0,0
5282,2024,10,Madrugada,1,0,0
5282,2024,10,Noche,1,0,0
5297,2024,2,Noche,1,0,4
5297,2024,2,Tarde,1,0,2
5297,2024,3,Noche,1,0,0
5297,2024,5,Noche,1,0,0
5297,2024,9,Madrugada,1,0,0
5297,2024,9,Mañana,1,0,1
5297,2024,9,Tarde,1,0,0
530A,2024,2,Mañana,1,0,1
530A,2024,5,Noche,1,0,1
530A,2024,6,Noche,1,0,0
530A,2024,10,Mañana,1,0,3
530A,2024,12,Madrugada,1,0,0
5314,2024,4,Noche,1,0,0
5314,2024,9,Tarde,1,0,2
5314,2024,12,Tarde,1,0,1
5329,2024,4,Noche,1,0,1
5329,2024,4,Tarde,1,0,2
5329,2024,5,Noche,1,0,0
5329,2024,6,Noche,1,0,0
5329,2024,7,Madrugada,1,0,0
5329,2024,7,Noche,2,0,5
5329,2024,10,Madrugada,1,0,1
5333,2024,6,Madrugada,1,0,3
5333,2024,9,Madrugada,1,0,8
5333,2024,12,Mañana,1,0,1
5333,2024,12,Tarde,1,0,0
5348,2024,1,Mañana,1,0,1
5348,2024,1,Noche,1,0,1
5348,2024,2,Mañana,2,0,1
5348,2024,7,Madrugada,1,0,1
5348,2024,7,Noche,1,0,1
5348,2024,8,Madrugada,1,0,0
5386,2024,1,Noche,1,0,1
5386,2024,2,Mañana,1,0,3
5386,2024,4,Madrugada,1,0,1
5386,2024,4,Mañana,1,0,1
5386,2024,4,Noche,1,0,0
5386,2024,5,Mañana,1,0,0
5386,2024,5,Noche,1,0,0
5386,2024,6,Noche,1,0,0
5386,2024,6,Tarde,2,0,1
5386,2024,7,Mañana,2,0,3
5386,2024,9,Mañana,2,0,2
5386,2024,9,Noche,1,0,1
5386,2024,9,Tarde,2,0,2
5386,2024,10,Madrugada,1,0,1
5386,2024,10,Mañana,1,0,1
5386,2024,11,Mañana,1,0,1
5386,2024,12,Madrugada,1,0,4
5390,2024,3,Noche,1,0,0
5390,2024,4,Mañana,1,0,0
5390,2024,5,Mañana,1,0,0
5390,2024,6,Madrugada,1,0,1
5390,2024,7,Noche,2,0,0
5390,2024,9,Noche,1,0,1
5390,2024,10,Noche,1,0,1
5390,2024,10,Tarde,1,0,2
5390,2024,11,Mañana,1,0,0
5390,2024,12,Noche,1,0,0
5390,2024,12,Tarde,1,0,0
5418,2024,3,Tarde,1,0,0
5418,2024,7,Mañana,1,0,1
5418,2024,8,Noche,1,0,2
5418,2024,10,Tarde,1,0,1
5418,2024,11,Tarde,1,0,0
5422,2024,5,Madrugada,1,0,1
5460,2024,4,Tarde,1,0,1
5460,2024,10,Tarde,1,0,1
5475,2024,1,Noche,1,0,0
5475,2024,2,Madrugada,1,0,0
5475,2024,3,Noche,1,0,0
5475,2024,4,Mañana,1,0,0
5475,2024,6,Madrugada,1,0,2
5475,2024,7,Madrugada,1,0,0
5475,2024,11,Noche,1,0,0
548A,2024,7,Noche,1,0,1
548A,2024,9,Madrugada,1,0,1
5494,2024,1,Noche,2,0,3
5494,2024,1,Tarde,1,0,0
5494,2024,3,Noche,2,0,3
5494,2024,3,Tarde,2,0,1
5494,2024,4,Madrugada,1,0,0
5494,2024,4,Tarde,1,0,2
5494,2024,5,Tarde,1,0,2
5494,2024,8,Mañana,1,0,5
5494,2024,9,Noche,1,0,0
5494,2024,9,Tarde,1,0,2
5494,2024,11,Mañana,2,0,1
5494,2024,11,Noche,1,0,2
5494,2024,11,Tarde,1,0,1
5494,2024,12,Tarde,1,0,0
5511,2024,10,Mañana,1,0,2
5526,2024,3,Madrugada,1,0,0
5526,2024,3,Tarde,1,0,1
5526,2024,4,Mañana,2,0,2
5526,2024,5,Madrugada,1,0,0
5526,2024,5,Tarde,1,0,1
5526,2024,6,Mañana,1,0,0
5526,2024,6,Noche,1,0,0
5526,2024,7,Tarde,1,0,0
5526,2024,11,Madrugada,1,0,0
5526,2024,11,Noche,1,0,0
5526,2024,12,Mañana,1,0,0
5579,2024,3,Tarde,1,0,0
5579,2024,4,Noche,1,0,1
5579,2024,4,Tarde,1,0,1
5579,2024,6,Madrugada,1,0,2
5579,2024,6,Noche,1,0,0
5579,2024,7,Noche,2,0,2
5579,2024,8,Madrugada,1,0,0
5579,2024,8,Mañana,1,0,0
5579,2024,9,Madrugada,1,0,0
5579,2024,12,Madrugada,1,0,1
5579,2024,12,Mañana,1,0,0
5579,2024,12,Tarde,1,0,0
5583,2024,1,Noche,1,0,0
5583,2024,4,Mañana,1,0,0
5583,2024,4,Noche,1,0,1
5583,2024,5,Noche,2,0,2
5583,2024,5,Tarde,1,0,1
5583,2024,6,Madrugada,1,0,1
5583,2024,8,Madrugada,1,0,0
5583,2024,9,Mañana,1,0,0
5583,2024,11,Mañana,1,0,1
5583,2024,12,Mañana,1,0,2
5583,2024,12,Noche,2,0,1
5598,2024,4,Mañana,1,0,0
5598,2024,5,Tarde,1,0,0
5598,2024,6,Tarde,1,0,1
5598,2024,10,Noche,1,0,0
5598,2024,11,Madrugada,1,0,0
5600,2024,1,Tarde,1,0,3
5600,2024,5,Mañana,1,0,1
5600,2024,6,Noche,1,0,0
5600,2024,7,Madrugada,1,0,0
5600,2024,10,Tarde,1,0,0
5600,2024,11,Tarde,1,0,0
5600,2024,12,Madrugada,1,0,0
5600,2024,12,Mañana,2,0,2
562A,2024,4,Tarde,1,0,1
5634,2024,4,Noche,3,0,3
5634,2024,5,Mañana,1,0,1
5634,2024,7,Tarde,1,0,0
5634,2024,9,Mañana,1,0,0
5634,2024,11,Tarde,1,0,1
5649,2024,8,Noche,1,0,0
5649,2024,11,Noche,1,0,0
5672,2024,8,Mañana,1,0,0
5687,2024,3,Madrugada,1,0,0
5687,2024,7,Noche,2,0,2
5687,2024,12,Mañana,1,0,1
5691,2024,1,Tarde,2,0,3
5691,2024,5,Madrugada,1,0,0
5691,2024,5,Noche,1,0,0
5691,2024,7,Mañana,1,0,1
5691,2024,12,Madrugada,1,0,1
5704,2024,3,Noche,1,0,2
5704,2024,7,Madrugada,1,0,0
5704,2024,11,Madrugada,1,0,0
5704,2024,11,Mañana,1,0,2
5719,2024,4,Tarde,1,0,0
5719,2024,5,Noche,1,0,0
5719,2024,7,Madrugada,1,0,1
5738,2024,4,Tarde,1,0,2
5738,2024,6,Madrugada,1,0,0
5738,2024,10,Mañana,1,0,0
5742,2024,1,Madrugada,1,0,1
5742,2024,3,Madrugada,1,0,3
5742,2024,3,Noche,1,0,1
5742,2024,6,Mañana,1,0,2
5742,2024,8,Tarde,1,0,1
5742,2024,11,Tarde,2,0,1
5757,2024,3,Tarde,1,0,0
5757,2024,5,Noche,1,0,1
5757,2024,6,Madrugada,1,0,1
5757,2024,6,Mañana,1,0,0
5757,2024,7,Tarde,1,0,4
5757,2024,10,Noche,1,0,0
5757,2024,11,Noche,1,0,2
5757,2024,12,Madrugada,1,0,1
5757,2024,12,Tarde,1,0,2
5761,2024,1,Tarde,1,0,0
5761,2024,2,Madrugada,1,0,1
5761,2024,2,Noche,1,0,1
5761,2024,3,Mañana,2,0,2
5761,2024,5,Mañana,1,0,1
5761,2024,5,Noche,1,0,0
5761,2024,5,Tarde,1,0,0
5761,2024,6,Tarde,1,0,2
5761,2024,7,Tarde,1,0,0
5761,2024,8,Madrugada,2,0,0
5761,2024,10,Madrugada,2,0,2
5761,2024,10,Tarde,1,0,1
5761,2024,11,Tarde,1,0,0
5761,2024,12,Madrugada,1,0,1
5776,2024,5,Mañana,1,0,1
5776,2024,6,Noche,1,0,0
5776,2024,6,Tarde,1,0,1
5776,2024,7,Mañana,1,0,1
5776,2024,7,Noche,1,0,0
5776,2024,9,Madrugada,1,0,0
5776,2024,10,Tarde,1,0,2
5776,2024,12,Noche,1,0,1
5780,2024,1,Mañana,1,0,2
5780,2024,2,Noche,1,0,2
5780,2024,11,Mañana,1,0,1
5780,2024,12,Madrugada,1,0,0
5795,2024,11,Madrugada,1,0,1
5795,2024,12,Tarde,1,0,0
5812,2024,1,Tarde,1,0,1
5812,2024,3,Tarde,2,0,1
5812,2024,5,Madrugada,1,0,0
5812,2024,5,Mañana,1,0,0
5812,2024,6,Mañana,1,0,0
5812,2024,6,Tarde,1,0,0
5812,2024,10,Noche,1,0,0
5812,2024,11,Madrugada,1,0,0
5812,2024,11,Mañana,1,0,0
5812,2024,12,Madrugada,1,0,0
5827,2024,8,Noche,1,0,2
5827,2024,8,Tarde,1,0,2
5827,2024,9,Tarde,1,0,1
5831,2024,2,Mañana,1,0,1
5831,2024,9,Mañana,1,0,1
5831,2024,10,Madrugada,1,0,2
5831,2024,11,Noche,1,0,1
5846,2024,4,Noche,1,0,1
5846,2024,7,Madrugada,1,0,1
5846,2024,10,Noche,1,0,0
5846,2024,12,Noche,1,0,0
5850,2024,2,Mañana,1,0,0
5850,2024,12,Mañana,1,0,1
5865,2024,1,Madrugada,1,0,0
5865,2024,1,Tarde,1,0,1
5865,2024,2,Madrugada,1,0,0
5865,2024,3,Madrugada,1,0,1
5865,2024,5,Tarde,1,0,0
5865,2024,7,Tarde,1,0,1
5865,2024,10,Mañana,1,0,1
5865,2024,12,Mañana,1,0,0
587A,2024,2,Madrugada,1,0,0
587A,2024,3,Madrugada,1,0,0
587A,2024,7,Tarde,1,0,1
587A,2024,8,Noche,1,0,1
587A,2024,8,Tarde,2,0,1
587A,2024,9,Madrugada,1,0,0
5884,2024,5,Noche,1,0,1
5884,2024,7,Tarde,1,0,1
5899,2024,3,Madrugada,1,0,0
5899,2024,8,Madrugada,1,0,1
5920,2024,1,Mañana,1,0,0
5935,2024,3,Madrugada,1,0,0
5935,2024,3,Mañana,1,0,0
5935,2024,3,Noche,1,0,2
5935,2024,4,Mañana,1,0,2
5935,2024,7,Noche,1,0,2
5935,2024,8,Mañana,2,0,3
5935,2024,8,Tarde,1,0,3
5935,2024,9,Tarde,1,0,2
5935,2024,11,Noche,1,0,0
5988,2024,3,Madrugada,1,0,0
5988,2024,3,Noche,1,0,0
5988,2024,4,Mañana,1,0,1
5988,2024,6,Tarde,1,0,2
5988,2024,8,Madrugada,1,0,0
5988,2024,11,Mañana,1,0,0
5992,2024,4,Madrugada,1,0,3
5992,2024,5,Madrugada,1,0,0
5992,2024,5,Tarde,1,0,0
5992,2024,11,Madrugada,1,0,1
6030,2024,1,Mañana,1,0,1
6030,2024,2,Madrugada,1,0,1
6030,2024,4,Madrugada,1,0,2
6030,2024,4,Mañana,1,0,0
6030,2024,4,Noche,2,0,2
6030,2024,5,Madrugada,1,0,1
6030,2024,5,Mañana,1,0,1
6030,2024,5,Tarde,1,0,2
6030,2024,7,Tarde,1,0,2
6030,2024,10,Tarde,1,0,3
6030,2024,11,Noche,1,0,0
6030,2024,11,Tarde,1,0,3
6045,2024,1,Noche,1,0,4
6045,2024,5,Tarde,1,0,2
6045,2024,6,Mañana,1,0,3
6045,2024,7,Madrugada,1,0,3
6045,2024,7,Noche,1,0,1
6045,2024,9,Noche,1,0,1
6045,2024,10,Tarde,1,0,3
6045,2024,11,Mañana,1,0,2
6045,2024,12,Mañana,2,0,3
6045,2024,12,Noche,2,0,1
605A,2024,4,Noche,1,0,2
605A,2024,6,Mañana,1,0,1
6064,2024,9,Madrugada,1,0,0
6064,2024,10,Noche,1,0,1
6083,2024,7,Tarde,1,0,0
6083,2024,10,Mañana,1,0,0
6098,2024,1,Tarde,1,0,0
6115,2024,1,Noche,2,0,2
6115,2024,5,Mañana,1,0,3
612A,2024,4,Tarde,1,0,0
612A,2024,8,Mañana,1,0,1
612A,2024,8,Noche,1,0,2
612A,2024,8,Tarde,1,0,2
612A,2024,10,Mañana,1,0,2
612A,2024,12,Mañana,1,0,1
612A,2024,12,Noche,2,0,1
6134,2024,1,Noche,1,0,2
6134,2024,2,Noche,1,0,0
6134,2024,3,Madrugada,1,0,1
6134,2024,3,Mañana,1,0,2
6134,2024,3,Noche,1,0,1
6134,2024,4,Madrugada,1,0,0
6134,2024,4,Noche,2,0,2
6134,2024,5,Mañana,1,0,1
6134,2024,7,Tarde,1,0,2
6134,2024,9,Noche,1,0,2
6134,2024,10,Mañana,1,0,4
6149,2024,1,Noche,1,0,2
6149,2024,3,Mañana,1,0,1
6149,2024,3,Noche,1,0,3
6149,2024,4,Noche,1,0,1
6149,2024,5,Tarde,1,0,1
6149,2024,6,Madrugada,1,0,0
6149,2024,6,Noche,1,0,1
6149,2024,8,Mañana,1,0,1
6149,2024,9,Tarde,1,0,6
6149,2024,11,Mañana,1,0,2
6153,2024,3,Noche,1,0,2
6153,2024,9,Madrugada,1,0,0
6242,2024,5,Noche,2,0,2
6242,2024,11,Noche,1,0,0
6365,2024,5,Noche,1,0,2
6365,2024,8,Noche,1,0,1
6365,2024,12,Tarde,1,0,1
637A,2024,1,Noche,1,0,0
637A,2024,2,Madrugada,1,0,0
637A,2024,8,Madrugada,1,0,0
6384,2024,3,Noche,1,0,0
6384,2024,7,Tarde,1,0,3
6384,2024,10,Mañana,1,0,1
6399,2024,3,Noche,1,0,1
6399,2024,5,Madrugada,1,0,0
6399,2024,6,Madrugada,1,0,0
6399,2024,12,Mañana,1,0,0
6401,2024,3,Mañana,1,0,1
6401,2024,5,Mañana,1,0,0
6401,2024,8,Noche,1,0,0
6416,2024,12,Noche,1,0,2
6454,2024,8,Mañana,1,0,0
6469,2024,5,Tarde,1,0,1
6469,2024,12,Madrugada,1,0,0
6473,2024,4,Noche,2,0,2
6473,2024,5,Noche,1,0,1
6473,2024,5,Tarde,1,0,3
6473,2024,8,Noche,1,0,2
6473,2024,12,Mañana,1,0,1
6488,2024,1,Noche,1,0,2
6488,2024,2,Noche,1,0,0
6488,2024,3,Mañana,1,0,0
6488,2024,8,Noche,1,0,2
6488,2024,10,Madrugada,1,0,2
6488,2024,10,Tarde,1,0,0
6492,2024,4,Noche,1,0,0
6492,2024,5,Mañana,1,0,1
6492,2024,5,Noche,2,0,1
6492,2024,6,Mañana,1,0,0
6492,2024,7,Madrugada,1,0,1
6492,2024,9,Madrugada,1,0,0
6492,2024,11,Mañana,1,0,1
6505,2024,1,Noche,1,0,0
6505,2024,2,Mañana,1,0,1
6505,2024,2,Noche,1,0,1
6505,2024,2,Tarde,1,0,0
6505,2024,3,Madrugada,2,0,1
6505,2024,4,Noche,1,0,1
6505,2024,5,Madrugada,2,0,4
6505,2024,5,Noche,1,0,2
6505,2024,6,Mañana,1,0,0
6505,2024,7,Mañana,1,0,0
6505,2024,8,Madrugada,1,0,6
6505,2024,8,Noche,1,0,1
6505,2024,8,Tarde,3,0,5
6505,2024,9,Noche,1,0,2
6505,2024,9,Tarde,1,0,1
6505,2024,10,Madrugada,1,0,0
6505,2024,11,Mañana,1,0,0
6505,2024,11,Noche,2,0,0
6505,2024,11,Tarde,2,0,3
6505,2024,12,Tarde,2,0,0
651A,2024,9,Mañana,1,0,0
651A,2024,10,Mañana,1,0,0
6524,2024,4,Noche,1,0,1
6524,2024,10,Madrugada,1,0,0
6539,2024,2,Tarde,1,0,1
6539,2024,3,Mañana,1,0,2
6539,2024,3,Noche,1,0,1
6539,2024,4,Madrugada,1,0,1
6539,2024,12,Madrugada,1,0,0
6539,2024,12,Mañana,1,0,2
6543,2024,2,Tarde,1,0,0
6543,2024,6,Madrugada,1,0,0
6543,2024,8,Mañana,1,0,4
6558,2024,2,Madrugada,1,0,0
6558,2024,4,Mañana,1,0,1
6558,2024,8,Noche,1,0,0
6558,2024,12,Noche,1,0,0
6613,2024,1,Noche,1,0,1
6613,2024,3,Madrugada,2,0,1
6613,2024,10,Noche,1,0,1
6628,2024,2,Noche,1,1,0
6628,2024,7,Noche,1,0,1
6628,2024,9,Tarde,1,0,0
6628,2024,11,Madrugada,1,0,0
6628,2024,11,Noche,1,0,1
6632,2024,3,Mañana,1,0,1
6632,2024,5,Noche,1,0,2
6632,2024,6,Noche,1,0,0
6632,2024,8,Tarde,1,0,0
6632,2024,9,Mañana,1,0,0
6632,2024,10,Tarde,1,0,1
6632,2024,11,Madrugada,1,0,1
6647,2024,1,Mañana,1,0,0
6647,2024,1,Tarde,1,0,1
6647,2024,5,Noche,1,0,2
6647,2024,7,Mañana,1,0,0
6647,2024,7,Noche,1,0,1
6647,2024,8,Tarde,1,0,3
6647,2024,10,Madrugada,1,0,0
6647,2024,11,Madrugada,1,0,0
6651,2024,2,Mañana,1,0,0
6651,2024,3,Mañana,1,0,2
6651,2024,4,Madrugada,1,0,0
6651,2024,4,Noche,1,0,1
6651,2024,5,Mañana,1,0,0
6651,2024,8,Mañana,1,0,1
6651,2024,8,Noche,1,0,0
6651,2024,9,Mañana,1,0,1
6651,2024,11,Noche,1,0,0
6651,2024,12,Madrugada,1,0,0
6666,2024,10,Tarde,1,0,0
669A,2024,1,Mañana,1,0,0
669A,2024,4,Mañana,1,0,0
669A,2024,5,Mañana,1,0,0
669A,2024,6,Mañana,1,0,1
669A,2024,8,Noche,1,0,0
6702,2024,1,Madrugada,1,0,0
6702,2024,4,Noche,1,0,0
6702,2024,5,Madrugada,1,0,0
6702,2024,5,Noche,1,0,0
6702,2024,7,Noche,1,0,1
6702,2024,9,Tarde,1,0,1
6702,2024,10,Noche,1,0,1
6702,2024,12,Madrugada,1,0,0
6717,2024,3,Tarde,1,0,2
6717,2024,5,Madrugada,1,0,1
6717,2024,5,Mañana,2,0,1
6717,2024,5,Tarde,1,0,2
6717,2024,6,Noche,1,0,2
6717,2024,7,Mañana,1,0,0
6717,2024,8,Noche,1,0,0
6721,2024,4,Tarde,1,0,0
6721,2024,5,Tarde,1,0,0
6721,2024,7,Noche,1,0,2
6721,2024,11,Tarde,1,0,0
6740,2024,3,Noche,1,0,3
6740,2024,7,Mañana,1,0,0
6740,2024,7,Tarde,1,0,1
6740,2024,8,Madrugada,1,0,1
6740,2024,8,Noche,1,0,3
6740,2024,10,Mañana,1,0,0
6755,2024,6,Madrugada,1,0,0
6755,2024,7,Madrugada,1,0,1
6755,2024,8,Mañana,1,0,0
6755,2024,9,Mañana,1,0,0
6755,2024,11,Noche,1,0,0
6774,2024,8,Mañana,1,0,0
6774,2024,8,Tarde,1,0,1
6774,2024,12,Madrugada,1,0,1
6789,2024,3,Mañana,1,0,0
6789,2024,5,Tarde,1,0,0
6789,2024,7,Madrugada,1,0,0
6793,2024,2,Mañana,2,0,1
6793,2024,3,Noche,1,0,1
6793,2024,7,Madrugada,1,0,2
6793,2024,7,Mañana,1,0,0
6793,2024,7,Tarde,1,0,0
6793,2024,10,Noche,1,0,0
6793,2024,11,Tarde,1,0,2
6806,2024,3,Noche,1,0,0
6806,2024,7,Madrugada,1,0,1
6810,2024,8,Madrugada,1,0,0
6810,2024,9,Tarde,2,0,4
6825,2024,1,Mañana,2,0,4
6825,2024,2,Noche,1,0,0
6825,2024,2,Tarde,1,0,0
6825,2024,4,Tarde,1,0,0
6825,2024,5,Tarde,1,0,1
6825,2024,7,Madrugada,1,0,0
6825,2024,7,Tarde,1,0,1
6825,2024,8,Noche,1,0,1
6825,2024,9,Noche,1,0,1
6825,2024,10,Noche,1,0,1
683A,2024,3,Madrugada,2,0,0
683A,2024,4,Tarde,1,0,1
683A,2024,6,Madrugada,1,0,5
683A,2024,9,Noche,1,0,0
683A,2024,10,Noche,1,0,1
6882,2024,4,Noche,1,0,1
6897,2024,2,Tarde,1,0,0
6897,2024,11,Noche,1,0,1
6897,2024,12,Tarde,1,0,2
6929,2024,6,Mañana,1,0,1
6948,2024,9,Mañana,1,0,2
6948,2024,9,Tarde,1,0,1
6952,2024,2,Tarde,1,0,5
6952,2024,3,Noche,1,0,1
6952,2024,4,Madrugada,1,0,0
6952,2024,5,Mañana,1,0,2
6952,2024,6,Mañana,1,0,1
6952,2024,8,Mañana,1,0,1
6967,2024,7,Noche,1,0,1
6971,2024,2,Noche,1,0,0
6971,2024,11,Tarde,1,0,1
6971,2024,12,Mañana,1,0,0
6986,2024,8,Tarde,1,0,2
6986,2024,9,Madrugada,1,0,0
6986,2024,11,Noche,1,0,1
6990,2024,5,Mañana,1,0,0
7005,2024,6,Mañana,1,0,0
701A,2024,2,Noche,1,0,1
701A,2024,7,Tarde,1,0,2
7024,2024,2,Noche,1,0,0
7043,2024,4,Tarde,1,0,0
